position,title,address,website,phone,visited,order_online,rating,reviews,price,thumbnail,unclaimed_listing,type,types,service_options,hours,operating_hours,place_id,data_id,data_cid,gps_coordinates,latitude,longitude,area,is_source,quality_score
0,Ace Hotel Brooklyn,"252 Schermerhorn St, Brooklyn, NY 11217",0,0,No,No,0,0,0,https://lh5.googleusercontent.com/p/AF1QipND6J67Y58kMdRe6Ro8M5AeSH3c88_n9CIEEsqe=w122-h92-k-no,FALSE,Coffee shop,"[ ""Coffee shop"", ""Gourmet grocery store"", ""Kosher grocery store"", ""Tourist attraction"" ]","{ ""in_store_pickup"": true, ""delivery"": true }",Open ⋅ Closes 7:30 PM,"{ ""friday"": ""8 AM–7:30 PM"", ""saturday"": ""8 AM–7:30 PM"", ""sunday"": ""9 AM–6 PM"", ""monday"": ""8 AM–7:30 PM"", ""tuesday"": ""8 AM–7:30 PM"", ""wednesday"": ""8 AM–7:30 PM"", ""thursday"": ""8 AM–7:30 PM"" }",0,0,0,"{ ""latitude"": 40.6878471, ""longitude"": -73.98377996 }",40.6878471,-73.98377996,Brooklyn,FALSE,94
0,American Grammar,"2046 N. Front Street, Philadelphia, PA ",0,0,No,No,0,0,0,https://lh5.googleusercontent.com/p/AF1QipND6J67Y58kMdRe6Ro8M5AeSH3c88_n9CIEEsqe=w122-h92-k-no,FALSE,Coffee shop,"[ ""Coffee shop"", ""Gourmet grocery store"", ""Kosher grocery store"", ""Tourist attraction"" ]","{ ""in_store_pickup"": true, ""delivery"": true }",Open ⋅ Closes 7:30 PM,"{ ""friday"": ""8 AM–7:30 PM"", ""saturday"": ""8 AM–7:30 PM"", ""sunday"": ""9 AM–6 PM"", ""monday"": ""8 AM–7:30 PM"", ""tuesday"": ""8 AM–7:30 PM"", ""wednesday"": ""8 AM–7:30 PM"", ""thursday"": ""8 AM–7:30 PM"" }",0,0,0,"{ ""latitude"": 39.9814797, ""longitude"": -75.1331233 }",39.9814797,-75.1331233,Philadelphia,FALSE,94
0,Apollo Bagels,"133 N 7th St, Brooklyn, NY 11249",0,0,No,No,0,0,0,https://lh5.googleusercontent.com/p/AF1QipND6J67Y58kMdRe6Ro8M5AeSH3c88_n9CIEEsqe=w122-h92-k-no,FALSE,Coffee shop,"[ ""Coffee shop"", ""Gourmet grocery store"", ""Kosher grocery store"", ""Tourist attraction"" ]","{ ""in_store_pickup"": true, ""delivery"": true }",Open ⋅ Closes 7:30 PM,"{ ""friday"": ""8 AM–7:30 PM"", ""saturday"": ""8 AM–7:30 PM"", ""sunday"": ""9 AM–6 PM"", ""monday"": ""8 AM–7:30 PM"", ""tuesday"": ""8 AM–7:30 PM"", ""wednesday"": ""8 AM–7:30 PM"", ""thursday"": ""8 AM–7:30 PM"" }",0,0,0,"{ ""latitude"": 40.7184402, ""longitude"": -73.9584288 }",40.7184402,-73.9584288,Brooklyn,FALSE,94
0,Apollo Bagels,"242 E 10th St, New York, NY 10003",0,0,No,No,0,0,0,https://lh5.googleusercontent.com/p/AF1QipND6J67Y58kMdRe6Ro8M5AeSH3c88_n9CIEEsqe=w122-h92-k-no,FALSE,Coffee shop,"[ ""Coffee shop"", ""Gourmet grocery store"", ""Kosher grocery store"", ""Tourist attraction"" ]","{ ""in_store_pickup"": true, ""delivery"": true }",Open ⋅ Closes 7:30 PM,"{ ""friday"": ""8 AM–7:30 PM"", ""saturday"": ""8 AM–7:30 PM"", ""sunday"": ""9 AM–6 PM"", ""monday"": ""8 AM–7:30 PM"", ""tuesday"": ""8 AM–7:30 PM"", ""wednesday"": ""8 AM–7:30 PM"", ""thursday"": ""8 AM–7:30 PM"" }",0,0,0,"{ ""latitude"": 40.7288316, ""longitude"": -73.9848217 }",40.7288316,-73.9848217,New York,FALSE,94
0,Apollo Bagels,"73 Greenwich Ave, New York, NY 10014",0,0,No,No,0,0,0,https://lh5.googleusercontent.com/p/AF1QipND6J67Y58kMdRe6Ro8M5AeSH3c88_n9CIEEsqe=w122-h92-k-no,FALSE,Coffee shop,"[ ""Coffee shop"", ""Gourmet grocery store"", ""Kosher grocery store"", ""Tourist attraction"" ]","{ ""in_store_pickup"": true, ""delivery"": true }",Open ⋅ Closes 7:30 PM,"{ ""friday"": ""8 AM–7:30 PM"", ""saturday"": ""8 AM–7:30 PM"", ""sunday"": ""9 AM–6 PM"", ""monday"": ""8 AM–7:30 PM"", ""tuesday"": ""8 AM–7:30 PM"", ""wednesday"": ""8 AM–7:30 PM"", ""thursday"": ""8 AM–7:30 PM"" }",0,0,0,"{ ""latitude"": 40.7366471, ""longitude"": -74.0013787 }",40.7366471,-74.0013787,New York,FALSE,94
0,Artie's,"15 Newark Way, Maplewood, NJ 07040",0,0,No,No,0,0,0,https://lh5.googleusercontent.com/p/AF1QipND6J67Y58kMdRe6Ro8M5AeSH3c88_n9CIEEsqe=w122-h92-k-no,FALSE,Coffee shop,"[ ""Coffee shop"", ""Gourmet grocery store"", ""Kosher grocery store"", ""Tourist attraction"" ]","{ ""in_store_pickup"": true, ""delivery"": true }",Open ⋅ Closes 7:30 PM,"{ ""friday"": ""8 AM–7:30 PM"", ""saturday"": ""8 AM–7:30 PM"", ""sunday"": ""9 AM–6 PM"", ""monday"": ""8 AM–7:30 PM"", ""tuesday"": ""8 AM–7:30 PM"", ""wednesday"": ""8 AM–7:30 PM"", ""thursday"": ""8 AM–7:30 PM"" }",0,0,0,"{ ""latitude"": 40.71806791, ""longitude"": -74.25531304 }",40.71806791,-74.25531304,Maplewood,FALSE,94
0,Arva at Aman New York,"730 5th Ave, New York, NY 10019",0,0,No,No,0,0,0,https://lh5.googleusercontent.com/p/AF1QipND6J67Y58kMdRe6Ro8M5AeSH3c88_n9CIEEsqe=w122-h92-k-no,FALSE,Coffee shop,"[ ""Coffee shop"", ""Gourmet grocery store"", ""Kosher grocery store"", ""Tourist attraction"" ]","{ ""in_store_pickup"": true, ""delivery"": true }",Open ⋅ Closes 7:30 PM,"{ ""friday"": ""8 AM–7:30 PM"", ""saturday"": ""8 AM–7:30 PM"", ""sunday"": ""9 AM–6 PM"", ""monday"": ""8 AM–7:30 PM"", ""tuesday"": ""8 AM–7:30 PM"", ""wednesday"": ""8 AM–7:30 PM"", ""thursday"": ""8 AM–7:30 PM"" }",0,0,0,"{ ""latitude"": 40.762807, ""longitude"": -73.9743058 }",40.762807,-73.9743058,New York,FALSE,94
0,Atelier Ariana,"478 Smith St, Brooklyn, NY ",0,0,No,No,0,0,0,https://lh5.googleusercontent.com/p/AF1QipND6J67Y58kMdRe6Ro8M5AeSH3c88_n9CIEEsqe=w122-h92-k-no,FALSE,Coffee shop,"[ ""Coffee shop"", ""Gourmet grocery store"", ""Kosher grocery store"", ""Tourist attraction"" ]","{ ""in_store_pickup"": true, ""delivery"": true }",Open ⋅ Closes 7:30 PM,"{ ""friday"": ""8 AM–7:30 PM"", ""saturday"": ""8 AM–7:30 PM"", ""sunday"": ""9 AM–6 PM"", ""monday"": ""8 AM–7:30 PM"", ""tuesday"": ""8 AM–7:30 PM"", ""wednesday"": ""8 AM–7:30 PM"", ""thursday"": ""8 AM–7:30 PM"" }",0,0,0,"{ ""latitude"": 40.6747137, ""longitude"": -73.9979147 }",40.6747137,-73.9979147,Brooklyn,FALSE,94
0,Bakeri,"818 Woodward Ave, Queens, NY 11385",0,0,No,No,0,0,0,https://lh5.googleusercontent.com/p/AF1QipND6J67Y58kMdRe6Ro8M5AeSH3c88_n9CIEEsqe=w122-h92-k-no,FALSE,Coffee shop,"[ ""Coffee shop"", ""Gourmet grocery store"", ""Kosher grocery store"", ""Tourist attraction"" ]","{ ""in_store_pickup"": true, ""delivery"": true }",Open ⋅ Closes 7:30 PM,"{ ""friday"": ""8 AM–7:30 PM"", ""saturday"": ""8 AM–7:30 PM"", ""sunday"": ""9 AM–6 PM"", ""monday"": ""8 AM–7:30 PM"", ""tuesday"": ""8 AM–7:30 PM"", ""wednesday"": ""8 AM–7:30 PM"", ""thursday"": ""8 AM–7:30 PM"" }",0,0,0,"{ ""latitude"": 40.7031672, ""longitude"": -73.9029995 }",40.7031672,-73.9029995,Queens,FALSE,94
0,Bakeri,"105 Freeman Street, Brooklyn, NY 11222",0,0,No,No,0,0,0,https://lh5.googleusercontent.com/p/AF1QipND6J67Y58kMdRe6Ro8M5AeSH3c88_n9CIEEsqe=w122-h92-k-no,FALSE,Coffee shop,"[ ""Coffee shop"", ""Gourmet grocery store"", ""Kosher grocery store"", ""Tourist attraction"" ]","{ ""in_store_pickup"": true, ""delivery"": true }",Open ⋅ Closes 7:30 PM,"{ ""friday"": ""8 AM–7:30 PM"", ""saturday"": ""8 AM–7:30 PM"", ""sunday"": ""9 AM–6 PM"", ""monday"": ""8 AM–7:30 PM"", ""tuesday"": ""8 AM–7:30 PM"", ""wednesday"": ""8 AM–7:30 PM"", ""thursday"": ""8 AM–7:30 PM"" }",0,0,0,"{ ""latitude"": 40.7343703, ""longitude"": -73.95754128 }",40.7343703,-73.95754128,Brooklyn,FALSE,94
0,Bakeri,"150 Wythe Avenue, Brooklyn, NY 11211",0,0,No,No,0,0,0,https://lh5.googleusercontent.com/p/AF1QipND6J67Y58kMdRe6Ro8M5AeSH3c88_n9CIEEsqe=w122-h92-k-no,FALSE,Coffee shop,"[ ""Coffee shop"", ""Gourmet grocery store"", ""Kosher grocery store"", ""Tourist attraction"" ]","{ ""in_store_pickup"": true, ""delivery"": true }",Open ⋅ Closes 7:30 PM,"{ ""friday"": ""8 AM–7:30 PM"", ""saturday"": ""8 AM–7:30 PM"", ""sunday"": ""9 AM–6 PM"", ""monday"": ""8 AM–7:30 PM"", ""tuesday"": ""8 AM–7:30 PM"", ""wednesday"": ""8 AM–7:30 PM"", ""thursday"": ""8 AM–7:30 PM"" }",0,0,0,"{ ""latitude"": 40.718968, ""longitude"": -73.961028 }",40.718968,-73.961028,Brooklyn,FALSE,94
0,Bathhouse,"103 North 10th Street, Brooklyn, NY 11249",0,0,No,No,0,0,0,https://lh5.googleusercontent.com/p/AF1QipND6J67Y58kMdRe6Ro8M5AeSH3c88_n9CIEEsqe=w122-h92-k-no,FALSE,Coffee shop,"[ ""Coffee shop"", ""Gourmet grocery store"", ""Kosher grocery store"", ""Tourist attraction"" ]","{ ""in_store_pickup"": true, ""delivery"": true }",Open ⋅ Closes 7:30 PM,"{ ""friday"": ""8 AM–7:30 PM"", ""saturday"": ""8 AM–7:30 PM"", ""sunday"": ""9 AM–6 PM"", ""monday"": ""8 AM–7:30 PM"", ""tuesday"": ""8 AM–7:30 PM"", ""wednesday"": ""8 AM–7:30 PM"", ""thursday"": ""8 AM–7:30 PM"" }",0,0,0,"{ ""latitude"": 40.7205182, ""longitude"": -73.9574036 }",40.7205182,-73.9574036,Brooklyn,FALSE,94
0,Bathhouse,"7 W 21st Street, New york, NY 10010",0,0,No,No,0,0,0,https://lh5.googleusercontent.com/p/AF1QipND6J67Y58kMdRe6Ro8M5AeSH3c88_n9CIEEsqe=w122-h92-k-no,FALSE,Coffee shop,"[ ""Coffee shop"", ""Gourmet grocery store"", ""Kosher grocery store"", ""Tourist attraction"" ]","{ ""in_store_pickup"": true, ""delivery"": true }",Open ⋅ Closes 7:30 PM,"{ ""friday"": ""8 AM–7:30 PM"", ""saturday"": ""8 AM–7:30 PM"", ""sunday"": ""9 AM–6 PM"", ""monday"": ""8 AM–7:30 PM"", ""tuesday"": ""8 AM–7:30 PM"", ""wednesday"": ""8 AM–7:30 PM"", ""thursday"": ""8 AM–7:30 PM"" }",0,0,0,"{ ""latitude"": 40.740697, ""longitude"": -73.991295 }",40.740697,-73.991295,New york,FALSE,94
0,Bedford Post Inn,"954 Old Post Rd, Bedford, NY 10506",0,0,No,No,0,0,0,https://lh5.googleusercontent.com/p/AF1QipND6J67Y58kMdRe6Ro8M5AeSH3c88_n9CIEEsqe=w122-h92-k-no,FALSE,Coffee shop,"[ ""Coffee shop"", ""Gourmet grocery store"", ""Kosher grocery store"", ""Tourist attraction"" ]","{ ""in_store_pickup"": true, ""delivery"": true }",Open ⋅ Closes 7:30 PM,"{ ""friday"": ""8 AM–7:30 PM"", ""saturday"": ""8 AM–7:30 PM"", ""sunday"": ""9 AM–6 PM"", ""monday"": ""8 AM–7:30 PM"", ""tuesday"": ""8 AM–7:30 PM"", ""wednesday"": ""8 AM–7:30 PM"", ""thursday"": ""8 AM–7:30 PM"" }",0,0,0,"{ ""latitude"": 41.2026787, ""longitude"": -73.6439374 }",41.2026787,-73.6439374,Bedford,FALSE,94
0,Bedford Studio,"62 Bedford Street, New York, NY 10014",0,0,No,No,0,0,0,https://lh5.googleusercontent.com/p/AF1QipND6J67Y58kMdRe6Ro8M5AeSH3c88_n9CIEEsqe=w122-h92-k-no,FALSE,Coffee shop,"[ ""Coffee shop"", ""Gourmet grocery store"", ""Kosher grocery store"", ""Tourist attraction"" ]","{ ""in_store_pickup"": true, ""delivery"": true }",Open ⋅ Closes 7:30 PM,"{ ""friday"": ""8 AM–7:30 PM"", ""saturday"": ""8 AM–7:30 PM"", ""sunday"": ""9 AM–6 PM"", ""monday"": ""8 AM–7:30 PM"", ""tuesday"": ""8 AM–7:30 PM"", ""wednesday"": ""8 AM–7:30 PM"", ""thursday"": ""8 AM–7:30 PM"" }",0,0,0,"{ ""latitude"": 40.7311268, ""longitude"": -74.0046067 }",40.7311268,-74.0046067,New York,FALSE,94
0,Before Coffee,"9 Meserole St, Brooklyn NY 11206,  ",0,0,No,No,0,0,0,https://lh5.googleusercontent.com/p/AF1QipND6J67Y58kMdRe6Ro8M5AeSH3c88_n9CIEEsqe=w122-h92-k-no,FALSE,Coffee shop,"[ ""Coffee shop"", ""Gourmet grocery store"", ""Kosher grocery store"", ""Tourist attraction"" ]","{ ""in_store_pickup"": true, ""delivery"": true }",Open ⋅ Closes 7:30 PM,"{ ""friday"": ""8 AM–7:30 PM"", ""saturday"": ""8 AM–7:30 PM"", ""sunday"": ""9 AM–6 PM"", ""monday"": ""8 AM–7:30 PM"", ""tuesday"": ""8 AM–7:30 PM"", ""wednesday"": ""8 AM–7:30 PM"", ""thursday"": ""8 AM–7:30 PM"" }",0,0,0,"{ ""latitude"": 40.70752, ""longitude"": -73.9501216 }",40.70752,-73.9501216,Brooklyn NY 11206,FALSE,94
0,Bibble & Sip,"253 West 51st Street, New York, NY 10019",0,0,No,No,0,0,0,https://lh5.googleusercontent.com/p/AF1QipND6J67Y58kMdRe6Ro8M5AeSH3c88_n9CIEEsqe=w122-h92-k-no,FALSE,Coffee shop,"[ ""Coffee shop"", ""Gourmet grocery store"", ""Kosher grocery store"", ""Tourist attraction"" ]","{ ""in_store_pickup"": true, ""delivery"": true }",Open ⋅ Closes 7:30 PM,"{ ""friday"": ""8 AM–7:30 PM"", ""saturday"": ""8 AM–7:30 PM"", ""sunday"": ""9 AM–6 PM"", ""monday"": ""8 AM–7:30 PM"", ""tuesday"": ""8 AM–7:30 PM"", ""wednesday"": ""8 AM–7:30 PM"", ""thursday"": ""8 AM–7:30 PM"" }",0,0,0,"{ ""latitude"": 40.7628613, ""longitude"": -73.985265 }",40.7628613,-73.985265,New York,FALSE,94
0,Black Press,"1065 3rd Avenue, New York, NY 10065",0,0,No,No,0,0,0,https://lh5.googleusercontent.com/p/AF1QipND6J67Y58kMdRe6Ro8M5AeSH3c88_n9CIEEsqe=w122-h92-k-no,FALSE,Coffee shop,"[ ""Coffee shop"", ""Gourmet grocery store"", ""Kosher grocery store"", ""Tourist attraction"" ]","{ ""in_store_pickup"": true, ""delivery"": true }",Open ⋅ Closes 7:30 PM,"{ ""friday"": ""8 AM–7:30 PM"", ""saturday"": ""8 AM–7:30 PM"", ""sunday"": ""9 AM–6 PM"", ""monday"": ""8 AM–7:30 PM"", ""tuesday"": ""8 AM–7:30 PM"", ""wednesday"": ""8 AM–7:30 PM"", ""thursday"": ""8 AM–7:30 PM"" }",0,0,0,"{ ""latitude"": 40.7641732, ""longitude"": -73.9646712 }",40.7641732,-73.9646712,New York,FALSE,94
0,Black Press,"274 Columbus Avenue, New York, NY 10023",0,0,No,No,0,0,0,https://lh5.googleusercontent.com/p/AF1QipND6J67Y58kMdRe6Ro8M5AeSH3c88_n9CIEEsqe=w122-h92-k-no,FALSE,Coffee shop,"[ ""Coffee shop"", ""Gourmet grocery store"", ""Kosher grocery store"", ""Tourist attraction"" ]","{ ""in_store_pickup"": true, ""delivery"": true }",Open ⋅ Closes 7:30 PM,"{ ""friday"": ""8 AM–7:30 PM"", ""saturday"": ""8 AM–7:30 PM"", ""sunday"": ""9 AM–6 PM"", ""monday"": ""8 AM–7:30 PM"", ""tuesday"": ""8 AM–7:30 PM"", ""wednesday"": ""8 AM–7:30 PM"", ""thursday"": ""8 AM–7:30 PM"" }",0,0,0,"{ ""latitude"": 40.77792356, ""longitude"": -73.97854433 }",40.77792356,-73.97854433,New York,FALSE,94
0,Bridges NYC,"9 Chatham Square, New York, NY 10038",0,0,No,No,0,0,0,https://lh5.googleusercontent.com/p/AF1QipND6J67Y58kMdRe6Ro8M5AeSH3c88_n9CIEEsqe=w122-h92-k-no,FALSE,Coffee shop,"[ ""Coffee shop"", ""Gourmet grocery store"", ""Kosher grocery store"", ""Tourist attraction"" ]","{ ""in_store_pickup"": true, ""delivery"": true }",Open ⋅ Closes 7:30 PM,"{ ""friday"": ""8 AM–7:30 PM"", ""saturday"": ""8 AM–7:30 PM"", ""sunday"": ""9 AM–6 PM"", ""monday"": ""8 AM–7:30 PM"", ""tuesday"": ""8 AM–7:30 PM"", ""wednesday"": ""8 AM–7:30 PM"", ""thursday"": ""8 AM–7:30 PM"" }",0,0,0,"{ ""latitude"": 40.7139424, ""longitude"": -73.9980147 }",40.7139424,-73.9980147,New York,FALSE,94
0,Cafe Diem,"37 Bowery, New York, New York",0,0,No,No,0,0,0,https://lh5.googleusercontent.com/p/AF1QipND6J67Y58kMdRe6Ro8M5AeSH3c88_n9CIEEsqe=w122-h92-k-no,FALSE,Coffee shop,"[ ""Coffee shop"", ""Gourmet grocery store"", ""Kosher grocery store"", ""Tourist attraction"" ]","{ ""in_store_pickup"": true, ""delivery"": true }",Open ⋅ Closes 7:30 PM,"{ ""friday"": ""8 AM–7:30 PM"", ""saturday"": ""8 AM–7:30 PM"", ""sunday"": ""9 AM–6 PM"", ""monday"": ""8 AM–7:30 PM"", ""tuesday"": ""8 AM–7:30 PM"", ""wednesday"": ""8 AM–7:30 PM"", ""thursday"": ""8 AM–7:30 PM"" }",0,0,0,"{ ""latitude"": 40.7149779, ""longitude"": -73.9960853 }",40.7149779,-73.9960853,New York,FALSE,94
0,Cafe Mado,"791 Washington Ave, Brooklyn, NY 11238",0,0,No,No,0,0,0,https://lh5.googleusercontent.com/p/AF1QipND6J67Y58kMdRe6Ro8M5AeSH3c88_n9CIEEsqe=w122-h92-k-no,FALSE,Coffee shop,"[ ""Coffee shop"", ""Gourmet grocery store"", ""Kosher grocery store"", ""Tourist attraction"" ]","{ ""in_store_pickup"": true, ""delivery"": true }",Open ⋅ Closes 7:30 PM,"{ ""friday"": ""8 AM–7:30 PM"", ""saturday"": ""8 AM–7:30 PM"", ""sunday"": ""9 AM–6 PM"", ""monday"": ""8 AM–7:30 PM"", ""tuesday"": ""8 AM–7:30 PM"", ""wednesday"": ""8 AM–7:30 PM"", ""thursday"": ""8 AM–7:30 PM"" }",0,0,0,"{ ""latitude"": 40.6731589, ""longitude"": -73.96264531 }",40.6731589,-73.96264531,Brooklyn,FALSE,94
0,Cecily,"80 Franklin Street, Brooklyn, NY ",0,0,No,No,0,0,0,https://lh5.googleusercontent.com/p/AF1QipND6J67Y58kMdRe6Ro8M5AeSH3c88_n9CIEEsqe=w122-h92-k-no,FALSE,Coffee shop,"[ ""Coffee shop"", ""Gourmet grocery store"", ""Kosher grocery store"", ""Tourist attraction"" ]","{ ""in_store_pickup"": true, ""delivery"": true }",Open ⋅ Closes 7:30 PM,"{ ""friday"": ""8 AM–7:30 PM"", ""saturday"": ""8 AM–7:30 PM"", ""sunday"": ""9 AM–6 PM"", ""monday"": ""8 AM–7:30 PM"", ""tuesday"": ""8 AM–7:30 PM"", ""wednesday"": ""8 AM–7:30 PM"", ""thursday"": ""8 AM–7:30 PM"" }",0,0,0,"{ ""latitude"": 40.7273063, ""longitude"": -73.95691132 }",40.7273063,-73.95691132,Brooklyn,FALSE,94
0,Commerce Inn,"50 Commerce Street, New York, NY ",0,0,No,No,0,0,0,https://lh5.googleusercontent.com/p/AF1QipND6J67Y58kMdRe6Ro8M5AeSH3c88_n9CIEEsqe=w122-h92-k-no,FALSE,Coffee shop,"[ ""Coffee shop"", ""Gourmet grocery store"", ""Kosher grocery store"", ""Tourist attraction"" ]","{ ""in_store_pickup"": true, ""delivery"": true }",Open ⋅ Closes 7:30 PM,"{ ""friday"": ""8 AM–7:30 PM"", ""saturday"": ""8 AM–7:30 PM"", ""sunday"": ""9 AM–6 PM"", ""monday"": ""8 AM–7:30 PM"", ""tuesday"": ""8 AM–7:30 PM"", ""wednesday"": ""8 AM–7:30 PM"", ""thursday"": ""8 AM–7:30 PM"" }",0,0,0,"{ ""latitude"": 40.7313538, ""longitude"": -74.0057057 }",40.7313538,-74.0057057,New York,FALSE,94
0,Cotton Bean,"1077 Bergen Street, Brooklyn, NY 11216",0,0,No,No,0,0,0,https://lh5.googleusercontent.com/p/AF1QipND6J67Y58kMdRe6Ro8M5AeSH3c88_n9CIEEsqe=w122-h92-k-no,FALSE,Coffee shop,"[ ""Coffee shop"", ""Gourmet grocery store"", ""Kosher grocery store"", ""Tourist attraction"" ]","{ ""in_store_pickup"": true, ""delivery"": true }",Open ⋅ Closes 7:30 PM,"{ ""friday"": ""8 AM–7:30 PM"", ""saturday"": ""8 AM–7:30 PM"", ""sunday"": ""9 AM–6 PM"", ""monday"": ""8 AM–7:30 PM"", ""tuesday"": ""8 AM–7:30 PM"", ""wednesday"": ""8 AM–7:30 PM"", ""thursday"": ""8 AM–7:30 PM"" }",0,0,0,"{ ""latitude"": 40.67631825, ""longitude"": -73.95041957 }",40.67631825,-73.95041957,Brooklyn,FALSE,94
0,Cotton Bean,"372 Sackett St, Brooklyn, NY 11231",0,0,No,No,0,0,0,https://lh5.googleusercontent.com/p/AF1QipND6J67Y58kMdRe6Ro8M5AeSH3c88_n9CIEEsqe=w122-h92-k-no,FALSE,Coffee shop,"[ ""Coffee shop"", ""Gourmet grocery store"", ""Kosher grocery store"", ""Tourist attraction"" ]","{ ""in_store_pickup"": true, ""delivery"": true }",Open ⋅ Closes 7:30 PM,"{ ""friday"": ""8 AM–7:30 PM"", ""saturday"": ""8 AM–7:30 PM"", ""sunday"": ""9 AM–6 PM"", ""monday"": ""8 AM–7:30 PM"", ""tuesday"": ""8 AM–7:30 PM"", ""wednesday"": ""8 AM–7:30 PM"", ""thursday"": ""8 AM–7:30 PM"" }",0,0,0,"{ ""latitude"": 40.6820664, ""longitude"": -73.9932436 }",40.6820664,-73.9932436,Brooklyn,FALSE,94
0,Dame,"87 MacDougal St, New York, NY 10012",0,0,No,No,0,0,0,https://lh5.googleusercontent.com/p/AF1QipND6J67Y58kMdRe6Ro8M5AeSH3c88_n9CIEEsqe=w122-h92-k-no,FALSE,Coffee shop,"[ ""Coffee shop"", ""Gourmet grocery store"", ""Kosher grocery store"", ""Tourist attraction"" ]","{ ""in_store_pickup"": true, ""delivery"": true }",Open ⋅ Closes 7:30 PM,"{ ""friday"": ""8 AM–7:30 PM"", ""saturday"": ""8 AM–7:30 PM"", ""sunday"": ""9 AM–6 PM"", ""monday"": ""8 AM–7:30 PM"", ""tuesday"": ""8 AM–7:30 PM"", ""wednesday"": ""8 AM–7:30 PM"", ""thursday"": ""8 AM–7:30 PM"" }",0,0,0,"{ ""latitude"": 40.7290052, ""longitude"": -74.0014767 }",40.7290052,-74.0014767,New York,FALSE,94
0,Demo,"34 Carmine St, New York, NY 10014",0,0,No,No,0,0,0,https://lh5.googleusercontent.com/p/AF1QipND6J67Y58kMdRe6Ro8M5AeSH3c88_n9CIEEsqe=w122-h92-k-no,FALSE,Coffee shop,"[ ""Coffee shop"", ""Gourmet grocery store"", ""Kosher grocery store"", ""Tourist attraction"" ]","{ ""in_store_pickup"": true, ""delivery"": true }",Open ⋅ Closes 7:30 PM,"{ ""friday"": ""8 AM–7:30 PM"", ""saturday"": ""8 AM–7:30 PM"", ""sunday"": ""9 AM–6 PM"", ""monday"": ""8 AM–7:30 PM"", ""tuesday"": ""8 AM–7:30 PM"", ""wednesday"": ""8 AM–7:30 PM"", ""thursday"": ""8 AM–7:30 PM"" }",0,0,0,"{ ""latitude"": 40.72995845, ""longitude"": -74.00303182 }",40.72995845,-74.00303182,New York,FALSE,94
0,Downstate Coffee & Kitchen,"47 Lander Street, Unit B, Newburgh ",0,0,No,No,0,0,0,https://lh5.googleusercontent.com/p/AF1QipND6J67Y58kMdRe6Ro8M5AeSH3c88_n9CIEEsqe=w122-h92-k-no,FALSE,Coffee shop,"[ ""Coffee shop"", ""Gourmet grocery store"", ""Kosher grocery store"", ""Tourist attraction"" ]","{ ""in_store_pickup"": true, ""delivery"": true }",Open ⋅ Closes 7:30 PM,"{ ""friday"": ""8 AM–7:30 PM"", ""saturday"": ""8 AM–7:30 PM"", ""sunday"": ""9 AM–6 PM"", ""monday"": ""8 AM–7:30 PM"", ""tuesday"": ""8 AM–7:30 PM"", ""wednesday"": ""8 AM–7:30 PM"", ""thursday"": ""8 AM–7:30 PM"" }",0,0,0,"{ ""latitude"": 41.502229, ""longitude"": -74.012261 }",41.502229,-74.012261,Unit B,FALSE,94
0,El Quijote,"226 West 23rd St, New York, NY 10011",0,0,No,No,0,0,0,https://lh5.googleusercontent.com/p/AF1QipND6J67Y58kMdRe6Ro8M5AeSH3c88_n9CIEEsqe=w122-h92-k-no,FALSE,Coffee shop,"[ ""Coffee shop"", ""Gourmet grocery store"", ""Kosher grocery store"", ""Tourist attraction"" ]","{ ""in_store_pickup"": true, ""delivery"": true }",Open ⋅ Closes 7:30 PM,"{ ""friday"": ""8 AM–7:30 PM"", ""saturday"": ""8 AM–7:30 PM"", ""sunday"": ""9 AM–6 PM"", ""monday"": ""8 AM–7:30 PM"", ""tuesday"": ""8 AM–7:30 PM"", ""wednesday"": ""8 AM–7:30 PM"", ""thursday"": ""8 AM–7:30 PM"" }",0,0,0,"{ ""latitude"": 40.7444284, ""longitude"": -73.9968814 }",40.7444284,-73.9968814,New York,FALSE,94
0,Elbow Bread,"1 Ludlow Street, New York, NY 10002",0,0,No,No,0,0,0,https://lh5.googleusercontent.com/p/AF1QipND6J67Y58kMdRe6Ro8M5AeSH3c88_n9CIEEsqe=w122-h92-k-no,FALSE,Coffee shop,"[ ""Coffee shop"", ""Gourmet grocery store"", ""Kosher grocery store"", ""Tourist attraction"" ]","{ ""in_store_pickup"": true, ""delivery"": true }",Open ⋅ Closes 7:30 PM,"{ ""friday"": ""8 AM–7:30 PM"", ""saturday"": ""8 AM–7:30 PM"", ""sunday"": ""9 AM–6 PM"", ""monday"": ""8 AM–7:30 PM"", ""tuesday"": ""8 AM–7:30 PM"", ""wednesday"": ""8 AM–7:30 PM"", ""thursday"": ""8 AM–7:30 PM"" }",0,0,0,"{ ""latitude"": 40.7145745, ""longitude"": -73.9912904 }",40.7145745,-73.9912904,New York,FALSE,94
0,Empirical Spirits,"605 Johnson Ave, Brooklyn, NY 11237",0,0,No,No,0,0,0,https://lh5.googleusercontent.com/p/AF1QipND6J67Y58kMdRe6Ro8M5AeSH3c88_n9CIEEsqe=w122-h92-k-no,FALSE,Coffee shop,"[ ""Coffee shop"", ""Gourmet grocery store"", ""Kosher grocery store"", ""Tourist attraction"" ]","{ ""in_store_pickup"": true, ""delivery"": true }",Open ⋅ Closes 7:30 PM,"{ ""friday"": ""8 AM–7:30 PM"", ""saturday"": ""8 AM–7:30 PM"", ""sunday"": ""9 AM–6 PM"", ""monday"": ""8 AM–7:30 PM"", ""tuesday"": ""8 AM–7:30 PM"", ""wednesday"": ""8 AM–7:30 PM"", ""thursday"": ""8 AM–7:30 PM"" }",0,0,0,"{ ""latitude"": 40.7093893, ""longitude"": -73.9228618 }",40.7093893,-73.9228618,Brooklyn,FALSE,94
0,Fantzye Bagels,"392 Hasbrouck Ave, Kingston, NY 12401",0,0,No,No,0,0,0,https://lh5.googleusercontent.com/p/AF1QipND6J67Y58kMdRe6Ro8M5AeSH3c88_n9CIEEsqe=w122-h92-k-no,FALSE,Coffee shop,"[ ""Coffee shop"", ""Gourmet grocery store"", ""Kosher grocery store"", ""Tourist attraction"" ]","{ ""in_store_pickup"": true, ""delivery"": true }",Open ⋅ Closes 7:30 PM,"{ ""friday"": ""8 AM–7:30 PM"", ""saturday"": ""8 AM–7:30 PM"", ""sunday"": ""9 AM–6 PM"", ""monday"": ""8 AM–7:30 PM"", ""tuesday"": ""8 AM–7:30 PM"", ""wednesday"": ""8 AM–7:30 PM"", ""thursday"": ""8 AM–7:30 PM"" }",0,0,0,"{ ""latitude"": 41.9277382, ""longitude"": -73.994496 }",41.9277382,-73.994496,Kingston,FALSE,94
0,Flex Mussels,"1431 3rd Ave, New York, NY 10028",0,0,No,No,0,0,0,https://lh5.googleusercontent.com/p/AF1QipND6J67Y58kMdRe6Ro8M5AeSH3c88_n9CIEEsqe=w122-h92-k-no,FALSE,Coffee shop,"[ ""Coffee shop"", ""Gourmet grocery store"", ""Kosher grocery store"", ""Tourist attraction"" ]","{ ""in_store_pickup"": true, ""delivery"": true }",Open ⋅ Closes 7:30 PM,"{ ""friday"": ""8 AM–7:30 PM"", ""saturday"": ""8 AM–7:30 PM"", ""sunday"": ""9 AM–6 PM"", ""monday"": ""8 AM–7:30 PM"", ""tuesday"": ""8 AM–7:30 PM"", ""wednesday"": ""8 AM–7:30 PM"", ""thursday"": ""8 AM–7:30 PM"" }",0,0,0,"{ ""latitude"": 40.7754167, ""longitude"": -73.9562405 }",40.7754167,-73.9562405,New York,FALSE,94
0,For All Things Good,"343 Franklin Avenue, Brooklyn, NY 11238",0,0,No,No,0,0,0,https://lh5.googleusercontent.com/p/AF1QipND6J67Y58kMdRe6Ro8M5AeSH3c88_n9CIEEsqe=w122-h92-k-no,FALSE,Coffee shop,"[ ""Coffee shop"", ""Gourmet grocery store"", ""Kosher grocery store"", ""Tourist attraction"" ]","{ ""in_store_pickup"": true, ""delivery"": true }",Open ⋅ Closes 7:30 PM,"{ ""friday"": ""8 AM–7:30 PM"", ""saturday"": ""8 AM–7:30 PM"", ""sunday"": ""9 AM–6 PM"", ""monday"": ""8 AM–7:30 PM"", ""tuesday"": ""8 AM–7:30 PM"", ""wednesday"": ""8 AM–7:30 PM"", ""thursday"": ""8 AM–7:30 PM"" }",0,0,0,"{ ""latitude"": 40.6876275, ""longitude"": -73.9568117 }",40.6876275,-73.9568117,Brooklyn,FALSE,94
0,Foster Sundry,"215 Knickerbocker Avenue, Brooklyn, NY 11237",0,0,No,No,0,0,0,https://lh5.googleusercontent.com/p/AF1QipND6J67Y58kMdRe6Ro8M5AeSH3c88_n9CIEEsqe=w122-h92-k-no,FALSE,Coffee shop,"[ ""Coffee shop"", ""Gourmet grocery store"", ""Kosher grocery store"", ""Tourist attraction"" ]","{ ""in_store_pickup"": true, ""delivery"": true }",Open ⋅ Closes 7:30 PM,"{ ""friday"": ""8 AM–7:30 PM"", ""saturday"": ""8 AM–7:30 PM"", ""sunday"": ""9 AM–6 PM"", ""monday"": ""8 AM–7:30 PM"", ""tuesday"": ""8 AM–7:30 PM"", ""wednesday"": ""8 AM–7:30 PM"", ""thursday"": ""8 AM–7:30 PM"" }",0,0,0,"{ ""latitude"": 40.7033985, ""longitude"": -73.9261742 }",40.7033985,-73.9261742,Brooklyn,FALSE,94
0,General Irving,"1210 Halsey Street, Brooklyn, NY 11207",0,0,No,No,0,0,0,https://lh5.googleusercontent.com/p/AF1QipND6J67Y58kMdRe6Ro8M5AeSH3c88_n9CIEEsqe=w122-h92-k-no,FALSE,Coffee shop,"[ ""Coffee shop"", ""Gourmet grocery store"", ""Kosher grocery store"", ""Tourist attraction"" ]","{ ""in_store_pickup"": true, ""delivery"": true }",Open ⋅ Closes 7:30 PM,"{ ""friday"": ""8 AM–7:30 PM"", ""saturday"": ""8 AM–7:30 PM"", ""sunday"": ""9 AM–6 PM"", ""monday"": ""8 AM–7:30 PM"", ""tuesday"": ""8 AM–7:30 PM"", ""wednesday"": ""8 AM–7:30 PM"", ""thursday"": ""8 AM–7:30 PM"" }",0,0,0,"{ ""latitude"": 40.69164093, ""longitude"": -73.90927952 }",40.69164093,-73.90927952,Brooklyn,FALSE,94
0,Georgie's Cafe at VITAL Climbing Gym,"182 Broome St, New York, NY 10002",0,0,No,No,0,0,0,https://lh5.googleusercontent.com/p/AF1QipND6J67Y58kMdRe6Ro8M5AeSH3c88_n9CIEEsqe=w122-h92-k-no,FALSE,Coffee shop,"[ ""Coffee shop"", ""Gourmet grocery store"", ""Kosher grocery store"", ""Tourist attraction"" ]","{ ""in_store_pickup"": true, ""delivery"": true }",Open ⋅ Closes 7:30 PM,"{ ""friday"": ""8 AM–7:30 PM"", ""saturday"": ""8 AM–7:30 PM"", ""sunday"": ""9 AM–6 PM"", ""monday"": ""8 AM–7:30 PM"", ""tuesday"": ""8 AM–7:30 PM"", ""wednesday"": ""8 AM–7:30 PM"", ""thursday"": ""8 AM–7:30 PM"" }",0,0,0,"{ ""latitude"": 40.7170472, ""longitude"": -73.9864236 }",40.7170472,-73.9864236,New York,FALSE,94
0,Gertie,"357 Grand St, Brooklyn, NY 11211",0,0,No,No,0,0,0,https://lh5.googleusercontent.com/p/AF1QipND6J67Y58kMdRe6Ro8M5AeSH3c88_n9CIEEsqe=w122-h92-k-no,FALSE,Coffee shop,"[ ""Coffee shop"", ""Gourmet grocery store"", ""Kosher grocery store"", ""Tourist attraction"" ]","{ ""in_store_pickup"": true, ""delivery"": true }",Open ⋅ Closes 7:30 PM,"{ ""friday"": ""8 AM–7:30 PM"", ""saturday"": ""8 AM–7:30 PM"", ""sunday"": ""9 AM–6 PM"", ""monday"": ""8 AM–7:30 PM"", ""tuesday"": ""8 AM–7:30 PM"", ""wednesday"": ""8 AM–7:30 PM"", ""thursday"": ""8 AM–7:30 PM"" }",0,0,0,"{ ""latitude"": 40.7125872, ""longitude"": -73.9555336 }",40.7125872,-73.9555336,Brooklyn,FALSE,94
0,Gertrude's,"605 Carlton Ave, Brooklyn, NY 11238",0,0,No,No,0,0,0,https://lh5.googleusercontent.com/p/AF1QipND6J67Y58kMdRe6Ro8M5AeSH3c88_n9CIEEsqe=w122-h92-k-no,FALSE,Coffee shop,"[ ""Coffee shop"", ""Gourmet grocery store"", ""Kosher grocery store"", ""Tourist attraction"" ]","{ ""in_store_pickup"": true, ""delivery"": true }",Open ⋅ Closes 7:30 PM,"{ ""friday"": ""8 AM–7:30 PM"", ""saturday"": ""8 AM–7:30 PM"", ""sunday"": ""9 AM–6 PM"", ""monday"": ""8 AM–7:30 PM"", ""tuesday"": ""8 AM–7:30 PM"", ""wednesday"": ""8 AM–7:30 PM"", ""thursday"": ""8 AM–7:30 PM"" }",0,0,0,"{ ""latitude"": 40.6790508, ""longitude"": -73.9716017 }",40.6790508,-73.9716017,Brooklyn,FALSE,94
0,Green Lane Coffee,"1582 1st Avenue, New York, NY 10028",0,0,No,No,0,0,0,https://lh5.googleusercontent.com/p/AF1QipND6J67Y58kMdRe6Ro8M5AeSH3c88_n9CIEEsqe=w122-h92-k-no,FALSE,Coffee shop,"[ ""Coffee shop"", ""Gourmet grocery store"", ""Kosher grocery store"", ""Tourist attraction"" ]","{ ""in_store_pickup"": true, ""delivery"": true }",Open ⋅ Closes 7:30 PM,"{ ""friday"": ""8 AM–7:30 PM"", ""saturday"": ""8 AM–7:30 PM"", ""sunday"": ""9 AM–6 PM"", ""monday"": ""8 AM–7:30 PM"", ""tuesday"": ""8 AM–7:30 PM"", ""wednesday"": ""8 AM–7:30 PM"", ""thursday"": ""8 AM–7:30 PM"" }",0,0,0,"{ ""latitude"": 40.7744114, ""longitude"": -73.9508397 }",40.7744114,-73.9508397,New York,FALSE,94
0,Green Lane Coffee,"204 West 96th Street, New York, NY 10025",0,0,No,No,0,0,0,https://lh5.googleusercontent.com/p/AF1QipND6J67Y58kMdRe6Ro8M5AeSH3c88_n9CIEEsqe=w122-h92-k-no,FALSE,Coffee shop,"[ ""Coffee shop"", ""Gourmet grocery store"", ""Kosher grocery store"", ""Tourist attraction"" ]","{ ""in_store_pickup"": true, ""delivery"": true }",Open ⋅ Closes 7:30 PM,"{ ""friday"": ""8 AM–7:30 PM"", ""saturday"": ""8 AM–7:30 PM"", ""sunday"": ""9 AM–6 PM"", ""monday"": ""8 AM–7:30 PM"", ""tuesday"": ""8 AM–7:30 PM"", ""wednesday"": ""8 AM–7:30 PM"", ""thursday"": ""8 AM–7:30 PM"" }",0,0,0,"{ ""latitude"": 40.7941146, ""longitude"": -73.9709604 }",40.7941146,-73.9709604,New York,FALSE,94
0,Grocery 205,"205 Leonard St, Brooklyn, NY 11206",0,0,No,No,0,0,0,https://lh5.googleusercontent.com/p/AF1QipND6J67Y58kMdRe6Ro8M5AeSH3c88_n9CIEEsqe=w122-h92-k-no,FALSE,Coffee shop,"[ ""Coffee shop"", ""Gourmet grocery store"", ""Kosher grocery store"", ""Tourist attraction"" ]","{ ""in_store_pickup"": true, ""delivery"": true }",Open ⋅ Closes 7:30 PM,"{ ""friday"": ""8 AM–7:30 PM"", ""saturday"": ""8 AM–7:30 PM"", ""sunday"": ""9 AM–6 PM"", ""monday"": ""8 AM–7:30 PM"", ""tuesday"": ""8 AM–7:30 PM"", ""wednesday"": ""8 AM–7:30 PM"", ""thursday"": ""8 AM–7:30 PM"" }",0,0,0,"{ ""latitude"": 40.7108499, ""longitude"": -73.9472907 }",40.7108499,-73.9472907,Brooklyn,FALSE,94
0,H-Bond,"479-b 72nd street, Brooklyn, NY 11209",0,0,No,No,0,0,0,https://lh5.googleusercontent.com/p/AF1QipND6J67Y58kMdRe6Ro8M5AeSH3c88_n9CIEEsqe=w122-h92-k-no,FALSE,Coffee shop,"[ ""Coffee shop"", ""Gourmet grocery store"", ""Kosher grocery store"", ""Tourist attraction"" ]","{ ""in_store_pickup"": true, ""delivery"": true }",Open ⋅ Closes 7:30 PM,"{ ""friday"": ""8 AM–7:30 PM"", ""saturday"": ""8 AM–7:30 PM"", ""sunday"": ""9 AM–6 PM"", ""monday"": ""8 AM–7:30 PM"", ""tuesday"": ""8 AM–7:30 PM"", ""wednesday"": ""8 AM–7:30 PM"", ""thursday"": ""8 AM–7:30 PM"" }",0,0,0,"{ ""latitude"": 40.6319348, ""longitude"": -74.0220225 }",40.6319348,-74.0220225,Brooklyn,FALSE,94
0,Haenyeo,"239 5th Avenue, Brooklyn, NY 11215",0,0,No,No,0,0,0,https://lh5.googleusercontent.com/p/AF1QipND6J67Y58kMdRe6Ro8M5AeSH3c88_n9CIEEsqe=w122-h92-k-no,FALSE,Coffee shop,"[ ""Coffee shop"", ""Gourmet grocery store"", ""Kosher grocery store"", ""Tourist attraction"" ]","{ ""in_store_pickup"": true, ""delivery"": true }",Open ⋅ Closes 7:30 PM,"{ ""friday"": ""8 AM–7:30 PM"", ""saturday"": ""8 AM–7:30 PM"", ""sunday"": ""9 AM–6 PM"", ""monday"": ""8 AM–7:30 PM"", ""tuesday"": ""8 AM–7:30 PM"", ""wednesday"": ""8 AM–7:30 PM"", ""thursday"": ""8 AM–7:30 PM"" }",0,0,0,"{ ""latitude"": 40.6751736, ""longitude"": -73.9811356 }",40.6751736,-73.9811356,Brooklyn,FALSE,94
0,Head Hi,"146 Flushing Ave, Brooklyn, NY ",0,0,No,No,0,0,0,https://lh5.googleusercontent.com/p/AF1QipND6J67Y58kMdRe6Ro8M5AeSH3c88_n9CIEEsqe=w122-h92-k-no,FALSE,Coffee shop,"[ ""Coffee shop"", ""Gourmet grocery store"", ""Kosher grocery store"", ""Tourist attraction"" ]","{ ""in_store_pickup"": true, ""delivery"": true }",Open ⋅ Closes 7:30 PM,"{ ""friday"": ""8 AM–7:30 PM"", ""saturday"": ""8 AM–7:30 PM"", ""sunday"": ""9 AM–6 PM"", ""monday"": ""8 AM–7:30 PM"", ""tuesday"": ""8 AM–7:30 PM"", ""wednesday"": ""8 AM–7:30 PM"", ""thursday"": ""8 AM–7:30 PM"" }",0,0,0,"{ ""latitude"": 40.6974243, ""longitude"": -73.9719231 }",40.6974243,-73.9719231,Brooklyn,FALSE,94
0,Hell's Kitchen Pickleball Club,"660 12th Ave 7th floor, New York, NY 10019",0,0,No,No,0,0,0,https://lh5.googleusercontent.com/p/AF1QipND6J67Y58kMdRe6Ro8M5AeSH3c88_n9CIEEsqe=w122-h92-k-no,FALSE,Coffee shop,"[ ""Coffee shop"", ""Gourmet grocery store"", ""Kosher grocery store"", ""Tourist attraction"" ]","{ ""in_store_pickup"": true, ""delivery"": true }",Open ⋅ Closes 7:30 PM,"{ ""friday"": ""8 AM–7:30 PM"", ""saturday"": ""8 AM–7:30 PM"", ""sunday"": ""9 AM–6 PM"", ""monday"": ""8 AM–7:30 PM"", ""tuesday"": ""8 AM–7:30 PM"", ""wednesday"": ""8 AM–7:30 PM"", ""thursday"": ""8 AM–7:30 PM"" }",0,0,0,"{ ""latitude"": 40.76572, ""longitude"": -73.99719 }",40.76572,-73.99719,New York,FALSE,94
0,Hollow,"84 Main Street Storefront #3, Delhi, NY 13753",0,0,No,No,0,0,0,https://lh5.googleusercontent.com/p/AF1QipND6J67Y58kMdRe6Ro8M5AeSH3c88_n9CIEEsqe=w122-h92-k-no,FALSE,Coffee shop,"[ ""Coffee shop"", ""Gourmet grocery store"", ""Kosher grocery store"", ""Tourist attraction"" ]","{ ""in_store_pickup"": true, ""delivery"": true }",Open ⋅ Closes 7:30 PM,"{ ""friday"": ""8 AM–7:30 PM"", ""saturday"": ""8 AM–7:30 PM"", ""sunday"": ""9 AM–6 PM"", ""monday"": ""8 AM–7:30 PM"", ""tuesday"": ""8 AM–7:30 PM"", ""wednesday"": ""8 AM–7:30 PM"", ""thursday"": ""8 AM–7:30 PM"" }",0,0,0,"{ ""latitude"": 42.276708, ""longitude"": -74.918108 }",42.276708,-74.918108,Delhi,FALSE,94
0,Hotel Chelsea,"222 West 23rd St, New York, NY 10011",0,0,No,No,0,0,0,https://lh5.googleusercontent.com/p/AF1QipND6J67Y58kMdRe6Ro8M5AeSH3c88_n9CIEEsqe=w122-h92-k-no,FALSE,Coffee shop,"[ ""Coffee shop"", ""Gourmet grocery store"", ""Kosher grocery store"", ""Tourist attraction"" ]","{ ""in_store_pickup"": true, ""delivery"": true }",Open ⋅ Closes 7:30 PM,"{ ""friday"": ""8 AM–7:30 PM"", ""saturday"": ""8 AM–7:30 PM"", ""sunday"": ""9 AM–6 PM"", ""monday"": ""8 AM–7:30 PM"", ""tuesday"": ""8 AM–7:30 PM"", ""wednesday"": ""8 AM–7:30 PM"", ""thursday"": ""8 AM–7:30 PM"" }",0,0,0,"{ ""latitude"": 40.7443742, ""longitude"": -73.9968175 }",40.7443742,-73.9968175,New York,FALSE,94
0,Hudson & Charles,"555 Amsterdam Avenue, New York, NY 10024",0,0,No,No,0,0,0,https://lh5.googleusercontent.com/p/AF1QipND6J67Y58kMdRe6Ro8M5AeSH3c88_n9CIEEsqe=w122-h92-k-no,FALSE,Coffee shop,"[ ""Coffee shop"", ""Gourmet grocery store"", ""Kosher grocery store"", ""Tourist attraction"" ]","{ ""in_store_pickup"": true, ""delivery"": true }",Open ⋅ Closes 7:30 PM,"{ ""friday"": ""8 AM–7:30 PM"", ""saturday"": ""8 AM–7:30 PM"", ""sunday"": ""9 AM–6 PM"", ""monday"": ""8 AM–7:30 PM"", ""tuesday"": ""8 AM–7:30 PM"", ""wednesday"": ""8 AM–7:30 PM"", ""thursday"": ""8 AM–7:30 PM"" }",0,0,0,"{ ""latitude"": 40.78805967, ""longitude"": -73.97461867 }",40.78805967,-73.97461867,New York,FALSE,94
0,Hudson & Charles,"524 Hudson St, New York, NY 10014",0,0,No,No,0,0,0,https://lh5.googleusercontent.com/p/AF1QipND6J67Y58kMdRe6Ro8M5AeSH3c88_n9CIEEsqe=w122-h92-k-no,FALSE,Coffee shop,"[ ""Coffee shop"", ""Gourmet grocery store"", ""Kosher grocery store"", ""Tourist attraction"" ]","{ ""in_store_pickup"": true, ""delivery"": true }",Open ⋅ Closes 7:30 PM,"{ ""friday"": ""8 AM–7:30 PM"", ""saturday"": ""8 AM–7:30 PM"", ""sunday"": ""9 AM–6 PM"", ""monday"": ""8 AM–7:30 PM"", ""tuesday"": ""8 AM–7:30 PM"", ""wednesday"": ""8 AM–7:30 PM"", ""thursday"": ""8 AM–7:30 PM"" }",0,0,0,"{ ""latitude"": 40.7345044, ""longitude"": -74.0061502 }",40.7345044,-74.0061502,New York,FALSE,94
0,Humphrey's,"160 Terrace Street, Haworth, NJ 07641",0,0,No,No,0,0,0,https://lh5.googleusercontent.com/p/AF1QipND6J67Y58kMdRe6Ro8M5AeSH3c88_n9CIEEsqe=w122-h92-k-no,FALSE,Coffee shop,"[ ""Coffee shop"", ""Gourmet grocery store"", ""Kosher grocery store"", ""Tourist attraction"" ]","{ ""in_store_pickup"": true, ""delivery"": true }",Open ⋅ Closes 7:30 PM,"{ ""friday"": ""8 AM–7:30 PM"", ""saturday"": ""8 AM–7:30 PM"", ""sunday"": ""9 AM–6 PM"", ""monday"": ""8 AM–7:30 PM"", ""tuesday"": ""8 AM–7:30 PM"", ""wednesday"": ""8 AM–7:30 PM"", ""thursday"": ""8 AM–7:30 PM"" }",0,0,0,"{ ""latitude"": 40.959502, ""longitude"": -73.989575 }",40.959502,-73.989575,Haworth,FALSE,94
0,LMNOP,"25 Katonah Ave, Katonah, NY 10536",0,0,No,No,0,0,0,https://lh5.googleusercontent.com/p/AF1QipND6J67Y58kMdRe6Ro8M5AeSH3c88_n9CIEEsqe=w122-h92-k-no,FALSE,Coffee shop,"[ ""Coffee shop"", ""Gourmet grocery store"", ""Kosher grocery store"", ""Tourist attraction"" ]","{ ""in_store_pickup"": true, ""delivery"": true }",Open ⋅ Closes 7:30 PM,"{ ""friday"": ""8 AM–7:30 PM"", ""saturday"": ""8 AM–7:30 PM"", ""sunday"": ""9 AM–6 PM"", ""monday"": ""8 AM–7:30 PM"", ""tuesday"": ""8 AM–7:30 PM"", ""wednesday"": ""8 AM–7:30 PM"", ""thursday"": ""8 AM–7:30 PM"" }",0,0,0,"{ ""latitude"": 41.2596829, ""longitude"": -73.6844549 }",41.2596829,-73.6844549,Katonah,FALSE,94
0,Lazy Sundaes,"23 Clinton Street, New York, NY 10002",0,0,No,No,0,0,0,https://lh5.googleusercontent.com/p/AF1QipND6J67Y58kMdRe6Ro8M5AeSH3c88_n9CIEEsqe=w122-h92-k-no,FALSE,Coffee shop,"[ ""Coffee shop"", ""Gourmet grocery store"", ""Kosher grocery store"", ""Tourist attraction"" ]","{ ""in_store_pickup"": true, ""delivery"": true }",Open ⋅ Closes 7:30 PM,"{ ""friday"": ""8 AM–7:30 PM"", ""saturday"": ""8 AM–7:30 PM"", ""sunday"": ""9 AM–6 PM"", ""monday"": ""8 AM–7:30 PM"", ""tuesday"": ""8 AM–7:30 PM"", ""wednesday"": ""8 AM–7:30 PM"", ""thursday"": ""8 AM–7:30 PM"" }",0,0,0,"{ ""latitude"": 40.7206037, ""longitude"": -73.984423 }",40.7206037,-73.984423,New York,FALSE,94
0,Lazy Sundaes,"11 Waverly Place, New York, NY 10003",0,0,No,No,0,0,0,https://lh5.googleusercontent.com/p/AF1QipND6J67Y58kMdRe6Ro8M5AeSH3c88_n9CIEEsqe=w122-h92-k-no,FALSE,Coffee shop,"[ ""Coffee shop"", ""Gourmet grocery store"", ""Kosher grocery store"", ""Tourist attraction"" ]","{ ""in_store_pickup"": true, ""delivery"": true }",Open ⋅ Closes 7:30 PM,"{ ""friday"": ""8 AM–7:30 PM"", ""saturday"": ""8 AM–7:30 PM"", ""sunday"": ""9 AM–6 PM"", ""monday"": ""8 AM–7:30 PM"", ""tuesday"": ""8 AM–7:30 PM"", ""wednesday"": ""8 AM–7:30 PM"", ""thursday"": ""8 AM–7:30 PM"" }",0,0,0,"{ ""latitude"": 40.7301234, ""longitude"": -73.9941159 }",40.7301234,-73.9941159,New York,FALSE,94
0,Lazy Sundaes,"170 Front St, Brooklyn, NY 11201",0,0,No,No,0,0,0,https://lh5.googleusercontent.com/p/AF1QipND6J67Y58kMdRe6Ro8M5AeSH3c88_n9CIEEsqe=w122-h92-k-no,FALSE,Coffee shop,"[ ""Coffee shop"", ""Gourmet grocery store"", ""Kosher grocery store"", ""Tourist attraction"" ]","{ ""in_store_pickup"": true, ""delivery"": true }",Open ⋅ Closes 7:30 PM,"{ ""friday"": ""8 AM–7:30 PM"", ""saturday"": ""8 AM–7:30 PM"", ""sunday"": ""9 AM–6 PM"", ""monday"": ""8 AM–7:30 PM"", ""tuesday"": ""8 AM–7:30 PM"", ""wednesday"": ""8 AM–7:30 PM"", ""thursday"": ""8 AM–7:30 PM"" }",0,0,0,"{ ""latitude"": 40.7024429, ""longitude"": -73.9932446 }",40.7024429,-73.9932446,Brooklyn,FALSE,94
0,Lazy Sundaes,"261 Canal Street, New York, NY 10013",0,0,No,No,0,0,0,https://lh5.googleusercontent.com/p/AF1QipND6J67Y58kMdRe6Ro8M5AeSH3c88_n9CIEEsqe=w122-h92-k-no,FALSE,Coffee shop,"[ ""Coffee shop"", ""Gourmet grocery store"", ""Kosher grocery store"", ""Tourist attraction"" ]","{ ""in_store_pickup"": true, ""delivery"": true }",Open ⋅ Closes 7:30 PM,"{ ""friday"": ""8 AM–7:30 PM"", ""saturday"": ""8 AM–7:30 PM"", ""sunday"": ""9 AM–6 PM"", ""monday"": ""8 AM–7:30 PM"", ""tuesday"": ""8 AM–7:30 PM"", ""wednesday"": ""8 AM–7:30 PM"", ""thursday"": ""8 AM–7:30 PM"" }",0,0,0,"{ ""latitude"": 40.7188489, ""longitude"": -74.0008574 }",40.7188489,-74.0008574,New York,FALSE,94
0,Little Egg,"657 Washington Ave, Brooklyn, NY 11238",0,0,No,No,0,0,0,https://lh5.googleusercontent.com/p/AF1QipND6J67Y58kMdRe6Ro8M5AeSH3c88_n9CIEEsqe=w122-h92-k-no,FALSE,Coffee shop,"[ ""Coffee shop"", ""Gourmet grocery store"", ""Kosher grocery store"", ""Tourist attraction"" ]","{ ""in_store_pickup"": true, ""delivery"": true }",Open ⋅ Closes 7:30 PM,"{ ""friday"": ""8 AM–7:30 PM"", ""saturday"": ""8 AM–7:30 PM"", ""sunday"": ""9 AM–6 PM"", ""monday"": ""8 AM–7:30 PM"", ""tuesday"": ""8 AM–7:30 PM"", ""wednesday"": ""8 AM–7:30 PM"", ""thursday"": ""8 AM–7:30 PM"" }",0,0,0,"{ ""latitude"": 40.6776919, ""longitude"": -73.963578 }",40.6776919,-73.963578,Brooklyn,FALSE,94
0,Little Uluh,"36-03 Prince St., Flushing, NY 11354",0,0,No,No,0,0,0,https://lh5.googleusercontent.com/p/AF1QipND6J67Y58kMdRe6Ro8M5AeSH3c88_n9CIEEsqe=w122-h92-k-no,FALSE,Coffee shop,"[ ""Coffee shop"", ""Gourmet grocery store"", ""Kosher grocery store"", ""Tourist attraction"" ]","{ ""in_store_pickup"": true, ""delivery"": true }",Open ⋅ Closes 7:30 PM,"{ ""friday"": ""8 AM–7:30 PM"", ""saturday"": ""8 AM–7:30 PM"", ""sunday"": ""9 AM–6 PM"", ""monday"": ""8 AM–7:30 PM"", ""tuesday"": ""8 AM–7:30 PM"", ""wednesday"": ""8 AM–7:30 PM"", ""thursday"": ""8 AM–7:30 PM"" }",0,0,0,"{ ""latitude"": 40.7651421, ""longitude"": -73.833368 }",40.7651421,-73.833368,Flushing,FALSE,94
0,Little Uluh,"218 E 14th Street, New York, NY 10003",0,0,No,No,0,0,0,https://lh5.googleusercontent.com/p/AF1QipND6J67Y58kMdRe6Ro8M5AeSH3c88_n9CIEEsqe=w122-h92-k-no,FALSE,Coffee shop,"[ ""Coffee shop"", ""Gourmet grocery store"", ""Kosher grocery store"", ""Tourist attraction"" ]","{ ""in_store_pickup"": true, ""delivery"": true }",Open ⋅ Closes 7:30 PM,"{ ""friday"": ""8 AM–7:30 PM"", ""saturday"": ""8 AM–7:30 PM"", ""sunday"": ""9 AM–6 PM"", ""monday"": ""8 AM–7:30 PM"", ""tuesday"": ""8 AM–7:30 PM"", ""wednesday"": ""8 AM–7:30 PM"", ""thursday"": ""8 AM–7:30 PM"" }",0,0,0,"{ ""latitude"": 40.73274115, ""longitude"": -73.98647813 }",40.73274115,-73.98647813,New York,FALSE,94
0,Loring Place,"21 West 8th Street, New York, NY 10011",0,0,No,No,0,0,0,https://lh5.googleusercontent.com/p/AF1QipND6J67Y58kMdRe6Ro8M5AeSH3c88_n9CIEEsqe=w122-h92-k-no,FALSE,Coffee shop,"[ ""Coffee shop"", ""Gourmet grocery store"", ""Kosher grocery store"", ""Tourist attraction"" ]","{ ""in_store_pickup"": true, ""delivery"": true }",Open ⋅ Closes 7:30 PM,"{ ""friday"": ""8 AM–7:30 PM"", ""saturday"": ""8 AM–7:30 PM"", ""sunday"": ""9 AM–6 PM"", ""monday"": ""8 AM–7:30 PM"", ""tuesday"": ""8 AM–7:30 PM"", ""wednesday"": ""8 AM–7:30 PM"", ""thursday"": ""8 AM–7:30 PM"" }",0,0,0,"{ ""latitude"": 40.7329499, ""longitude"": -73.99745573 }",40.7329499,-73.99745573,New York,FALSE,94
0,Manhattanville,"142 Edgecombe Avenue, New York, NY 10030",0,0,No,No,0,0,0,https://lh5.googleusercontent.com/p/AF1QipND6J67Y58kMdRe6Ro8M5AeSH3c88_n9CIEEsqe=w122-h92-k-no,FALSE,Coffee shop,"[ ""Coffee shop"", ""Gourmet grocery store"", ""Kosher grocery store"", ""Tourist attraction"" ]","{ ""in_store_pickup"": true, ""delivery"": true }",Open ⋅ Closes 7:30 PM,"{ ""friday"": ""8 AM–7:30 PM"", ""saturday"": ""8 AM–7:30 PM"", ""sunday"": ""9 AM–6 PM"", ""monday"": ""8 AM–7:30 PM"", ""tuesday"": ""8 AM–7:30 PM"", ""wednesday"": ""8 AM–7:30 PM"", ""thursday"": ""8 AM–7:30 PM"" }",0,0,0,"{ ""latitude"": 40.8213119, ""longitude"": -73.944561 }",40.8213119,-73.944561,New York,FALSE,94
0,Manhattanville,"1850 Amsterdam Ave, New York, NY 10031",0,0,No,No,0,0,0,https://lh5.googleusercontent.com/p/AF1QipND6J67Y58kMdRe6Ro8M5AeSH3c88_n9CIEEsqe=w122-h92-k-no,FALSE,Coffee shop,"[ ""Coffee shop"", ""Gourmet grocery store"", ""Kosher grocery store"", ""Tourist attraction"" ]","{ ""in_store_pickup"": true, ""delivery"": true }",Open ⋅ Closes 7:30 PM,"{ ""friday"": ""8 AM–7:30 PM"", ""saturday"": ""8 AM–7:30 PM"", ""sunday"": ""9 AM–6 PM"", ""monday"": ""8 AM–7:30 PM"", ""tuesday"": ""8 AM–7:30 PM"", ""wednesday"": ""8 AM–7:30 PM"", ""thursday"": ""8 AM–7:30 PM"" }",0,0,0,"{ ""latitude"": 40.82952595, ""longitude"": -73.9448735 }",40.82952595,-73.9448735,New York,FALSE,94
0,Mel the Bakery,"324 Warren St, Hudson, NY 12534",0,0,No,No,0,0,0,https://lh5.googleusercontent.com/p/AF1QipND6J67Y58kMdRe6Ro8M5AeSH3c88_n9CIEEsqe=w122-h92-k-no,FALSE,Coffee shop,"[ ""Coffee shop"", ""Gourmet grocery store"", ""Kosher grocery store"", ""Tourist attraction"" ]","{ ""in_store_pickup"": true, ""delivery"": true }",Open ⋅ Closes 7:30 PM,"{ ""friday"": ""8 AM–7:30 PM"", ""saturday"": ""8 AM–7:30 PM"", ""sunday"": ""9 AM–6 PM"", ""monday"": ""8 AM–7:30 PM"", ""tuesday"": ""8 AM–7:30 PM"", ""wednesday"": ""8 AM–7:30 PM"", ""thursday"": ""8 AM–7:30 PM"" }",0,0,0,"{ ""latitude"": 42.25252275, ""longitude"": -73.79022915 }",42.25252275,-73.79022915,Hudson,FALSE,94
0,Metrograph,"7 Ludlow Street, New York, NY 10002",0,0,No,No,0,0,0,https://lh5.googleusercontent.com/p/AF1QipND6J67Y58kMdRe6Ro8M5AeSH3c88_n9CIEEsqe=w122-h92-k-no,FALSE,Coffee shop,"[ ""Coffee shop"", ""Gourmet grocery store"", ""Kosher grocery store"", ""Tourist attraction"" ]","{ ""in_store_pickup"": true, ""delivery"": true }",Open ⋅ Closes 7:30 PM,"{ ""friday"": ""8 AM–7:30 PM"", ""saturday"": ""8 AM–7:30 PM"", ""sunday"": ""9 AM–6 PM"", ""monday"": ""8 AM–7:30 PM"", ""tuesday"": ""8 AM–7:30 PM"", ""wednesday"": ""8 AM–7:30 PM"", ""thursday"": ""8 AM–7:30 PM"" }",0,0,0,"{ ""latitude"": 40.7149932, ""longitude"": -73.9910836 }",40.7149932,-73.9910836,New York,FALSE,94
0,Musket Room,"265 Elizabeth St, New York, NY 10012",0,0,No,No,0,0,0,https://lh5.googleusercontent.com/p/AF1QipND6J67Y58kMdRe6Ro8M5AeSH3c88_n9CIEEsqe=w122-h92-k-no,FALSE,Coffee shop,"[ ""Coffee shop"", ""Gourmet grocery store"", ""Kosher grocery store"", ""Tourist attraction"" ]","{ ""in_store_pickup"": true, ""delivery"": true }",Open ⋅ Closes 7:30 PM,"{ ""friday"": ""8 AM–7:30 PM"", ""saturday"": ""8 AM–7:30 PM"", ""sunday"": ""9 AM–6 PM"", ""monday"": ""8 AM–7:30 PM"", ""tuesday"": ""8 AM–7:30 PM"", ""wednesday"": ""8 AM–7:30 PM"", ""thursday"": ""8 AM–7:30 PM"" }",0,0,0,"{ ""latitude"": 40.7239493, ""longitude"": -73.9938986 }",40.7239493,-73.9938986,New York,FALSE,94
0,NeueHouse,"110 East 25th St, New York, NY 10010",0,0,No,No,0,0,0,https://lh5.googleusercontent.com/p/AF1QipND6J67Y58kMdRe6Ro8M5AeSH3c88_n9CIEEsqe=w122-h92-k-no,FALSE,Coffee shop,"[ ""Coffee shop"", ""Gourmet grocery store"", ""Kosher grocery store"", ""Tourist attraction"" ]","{ ""in_store_pickup"": true, ""delivery"": true }",Open ⋅ Closes 7:30 PM,"{ ""friday"": ""8 AM–7:30 PM"", ""saturday"": ""8 AM–7:30 PM"", ""sunday"": ""9 AM–6 PM"", ""monday"": ""8 AM–7:30 PM"", ""tuesday"": ""8 AM–7:30 PM"", ""wednesday"": ""8 AM–7:30 PM"", ""thursday"": ""8 AM–7:30 PM"" }",0,0,0,"{ ""latitude"": 40.7410116, ""longitude"": -73.98493718 }",40.7410116,-73.98493718,New York,FALSE,94
0,Nick + Sons,"892 Lorimer St, Brooklyn NY, 11222 ",0,0,No,No,0,0,0,https://lh5.googleusercontent.com/p/AF1QipND6J67Y58kMdRe6Ro8M5AeSH3c88_n9CIEEsqe=w122-h92-k-no,FALSE,Coffee shop,"[ ""Coffee shop"", ""Gourmet grocery store"", ""Kosher grocery store"", ""Tourist attraction"" ]","{ ""in_store_pickup"": true, ""delivery"": true }",Open ⋅ Closes 7:30 PM,"{ ""friday"": ""8 AM–7:30 PM"", ""saturday"": ""8 AM–7:30 PM"", ""sunday"": ""9 AM–6 PM"", ""monday"": ""8 AM–7:30 PM"", ""tuesday"": ""8 AM–7:30 PM"", ""wednesday"": ""8 AM–7:30 PM"", ""thursday"": ""8 AM–7:30 PM"" }",0,0,0,"{ ""latitude"": 40.7232125, ""longitude"": -73.95122393 }",40.7232125,-73.95122393,Brooklyn NY,FALSE,94
0,Odd Fox,"984 Manhattan Avenue, Brooklyn, NY ",0,0,No,No,0,0,0,https://lh5.googleusercontent.com/p/AF1QipND6J67Y58kMdRe6Ro8M5AeSH3c88_n9CIEEsqe=w122-h92-k-no,FALSE,Coffee shop,"[ ""Coffee shop"", ""Gourmet grocery store"", ""Kosher grocery store"", ""Tourist attraction"" ]","{ ""in_store_pickup"": true, ""delivery"": true }",Open ⋅ Closes 7:30 PM,"{ ""friday"": ""8 AM–7:30 PM"", ""saturday"": ""8 AM–7:30 PM"", ""sunday"": ""9 AM–6 PM"", ""monday"": ""8 AM–7:30 PM"", ""tuesday"": ""8 AM–7:30 PM"", ""wednesday"": ""8 AM–7:30 PM"", ""thursday"": ""8 AM–7:30 PM"" }",0,0,0,"{ ""latitude"": 40.7327384, ""longitude"": -73.9544378 }",40.7327384,-73.9544378,Brooklyn,FALSE,94
0,Odd Fox,"984 Manhattan Avenue, Brooklyn, NY 11222",0,0,No,No,0,0,0,https://lh5.googleusercontent.com/p/AF1QipND6J67Y58kMdRe6Ro8M5AeSH3c88_n9CIEEsqe=w122-h92-k-no,FALSE,Coffee shop,"[ ""Coffee shop"", ""Gourmet grocery store"", ""Kosher grocery store"", ""Tourist attraction"" ]","{ ""in_store_pickup"": true, ""delivery"": true }",Open ⋅ Closes 7:30 PM,"{ ""friday"": ""8 AM–7:30 PM"", ""saturday"": ""8 AM–7:30 PM"", ""sunday"": ""9 AM–6 PM"", ""monday"": ""8 AM–7:30 PM"", ""tuesday"": ""8 AM–7:30 PM"", ""wednesday"": ""8 AM–7:30 PM"", ""thursday"": ""8 AM–7:30 PM"" }",0,0,0,"{ ""latitude"": 40.73272735, ""longitude"": -73.9544239 }",40.73272735,-73.9544239,Brooklyn,FALSE,94
0,Odd Fox,"525A Throop Avenue, Brooklyn, NY 11221",0,0,No,No,0,0,0,https://lh5.googleusercontent.com/p/AF1QipND6J67Y58kMdRe6Ro8M5AeSH3c88_n9CIEEsqe=w122-h92-k-no,FALSE,Coffee shop,"[ ""Coffee shop"", ""Gourmet grocery store"", ""Kosher grocery store"", ""Tourist attraction"" ]","{ ""in_store_pickup"": true, ""delivery"": true }",Open ⋅ Closes 7:30 PM,"{ ""friday"": ""8 AM–7:30 PM"", ""saturday"": ""8 AM–7:30 PM"", ""sunday"": ""9 AM–6 PM"", ""monday"": ""8 AM–7:30 PM"", ""tuesday"": ""8 AM–7:30 PM"", ""wednesday"": ""8 AM–7:30 PM"", ""thursday"": ""8 AM–7:30 PM"" }",0,0,0,"{ ""latitude"": 40.6841179, ""longitude"": -73.9410381 }",40.6841179,-73.9410381,Brooklyn,FALSE,94
0,Olive's,"191 Prince St, New York, NY 10012",0,0,No,No,0,0,0,https://lh5.googleusercontent.com/p/AF1QipND6J67Y58kMdRe6Ro8M5AeSH3c88_n9CIEEsqe=w122-h92-k-no,FALSE,Coffee shop,"[ ""Coffee shop"", ""Gourmet grocery store"", ""Kosher grocery store"", ""Tourist attraction"" ]","{ ""in_store_pickup"": true, ""delivery"": true }",Open ⋅ Closes 7:30 PM,"{ ""friday"": ""8 AM–7:30 PM"", ""saturday"": ""8 AM–7:30 PM"", ""sunday"": ""9 AM–6 PM"", ""monday"": ""8 AM–7:30 PM"", ""tuesday"": ""8 AM–7:30 PM"", ""wednesday"": ""8 AM–7:30 PM"", ""thursday"": ""8 AM–7:30 PM"" }",0,0,0,"{ ""latitude"": 40.7266697, ""longitude"": -74.00236502 }",40.7266697,-74.00236502,New York,FALSE,94
0,Olmsted,"659 Vanderbilt Avenue, Brooklyn, NY 11238",0,0,No,No,0,0,0,https://lh5.googleusercontent.com/p/AF1QipND6J67Y58kMdRe6Ro8M5AeSH3c88_n9CIEEsqe=w122-h92-k-no,FALSE,Coffee shop,"[ ""Coffee shop"", ""Gourmet grocery store"", ""Kosher grocery store"", ""Tourist attraction"" ]","{ ""in_store_pickup"": true, ""delivery"": true }",Open ⋅ Closes 7:30 PM,"{ ""friday"": ""8 AM–7:30 PM"", ""saturday"": ""8 AM–7:30 PM"", ""sunday"": ""9 AM–6 PM"", ""monday"": ""8 AM–7:30 PM"", ""tuesday"": ""8 AM–7:30 PM"", ""wednesday"": ""8 AM–7:30 PM"", ""thursday"": ""8 AM–7:30 PM"" }",0,0,0,"{ ""latitude"": 40.67713875, ""longitude"": -73.9687486 }",40.67713875,-73.9687486,Brooklyn,FALSE,94
0,Panina,"68-38 Forest Ave, Ridgewood, NY 11385",0,0,No,No,0,0,0,https://lh5.googleusercontent.com/p/AF1QipND6J67Y58kMdRe6Ro8M5AeSH3c88_n9CIEEsqe=w122-h92-k-no,FALSE,Coffee shop,"[ ""Coffee shop"", ""Gourmet grocery store"", ""Kosher grocery store"", ""Tourist attraction"" ]","{ ""in_store_pickup"": true, ""delivery"": true }",Open ⋅ Closes 7:30 PM,"{ ""friday"": ""8 AM–7:30 PM"", ""saturday"": ""8 AM–7:30 PM"", ""sunday"": ""9 AM–6 PM"", ""monday"": ""8 AM–7:30 PM"", ""tuesday"": ""8 AM–7:30 PM"", ""wednesday"": ""8 AM–7:30 PM"", ""thursday"": ""8 AM–7:30 PM"" }",0,0,0,"{ ""latitude"": 40.702567, ""longitude"": -73.9011814 }",40.702567,-73.9011814,Ridgewood,FALSE,94
0,Park Slope Food Coop,"782 Union Street, Brooklyn, NY 11215",0,0,No,No,0,0,0,https://lh5.googleusercontent.com/p/AF1QipND6J67Y58kMdRe6Ro8M5AeSH3c88_n9CIEEsqe=w122-h92-k-no,FALSE,Coffee shop,"[ ""Coffee shop"", ""Gourmet grocery store"", ""Kosher grocery store"", ""Tourist attraction"" ]","{ ""in_store_pickup"": true, ""delivery"": true }",Open ⋅ Closes 7:30 PM,"{ ""friday"": ""8 AM–7:30 PM"", ""saturday"": ""8 AM–7:30 PM"", ""sunday"": ""9 AM–6 PM"", ""monday"": ""8 AM–7:30 PM"", ""tuesday"": ""8 AM–7:30 PM"", ""wednesday"": ""8 AM–7:30 PM"", ""thursday"": ""8 AM–7:30 PM"" }",0,0,0,"{ ""latitude"": 40.67472945, ""longitude"": -73.97681504 }",40.67472945,-73.97681504,Brooklyn,FALSE,94
0,Patti Ann's Bakery,"635 Bergen St, Brooklyn, NY 11238",0,0,No,No,0,0,0,https://lh5.googleusercontent.com/p/AF1QipND6J67Y58kMdRe6Ro8M5AeSH3c88_n9CIEEsqe=w122-h92-k-no,FALSE,Coffee shop,"[ ""Coffee shop"", ""Gourmet grocery store"", ""Kosher grocery store"", ""Tourist attraction"" ]","{ ""in_store_pickup"": true, ""delivery"": true }",Open ⋅ Closes 7:30 PM,"{ ""friday"": ""8 AM–7:30 PM"", ""saturday"": ""8 AM–7:30 PM"", ""sunday"": ""9 AM–6 PM"", ""monday"": ""8 AM–7:30 PM"", ""tuesday"": ""8 AM–7:30 PM"", ""wednesday"": ""8 AM–7:30 PM"", ""thursday"": ""8 AM–7:30 PM"" }",0,0,0,"{ ""latitude"": 40.6795849, ""longitude"": -73.9684635 }",40.6795849,-73.9684635,Brooklyn,FALSE,94
0,Petee's Cafe,"505 Myrtle Avenue, Brooklyn, NY 11205",0,0,No,No,0,0,0,https://lh5.googleusercontent.com/p/AF1QipND6J67Y58kMdRe6Ro8M5AeSH3c88_n9CIEEsqe=w122-h92-k-no,FALSE,Coffee shop,"[ ""Coffee shop"", ""Gourmet grocery store"", ""Kosher grocery store"", ""Tourist attraction"" ]","{ ""in_store_pickup"": true, ""delivery"": true }",Open ⋅ Closes 7:30 PM,"{ ""friday"": ""8 AM–7:30 PM"", ""saturday"": ""8 AM–7:30 PM"", ""sunday"": ""9 AM–6 PM"", ""monday"": ""8 AM–7:30 PM"", ""tuesday"": ""8 AM–7:30 PM"", ""wednesday"": ""8 AM–7:30 PM"", ""thursday"": ""8 AM–7:30 PM"" }",0,0,0,"{ ""latitude"": 40.6937606, ""longitude"": -73.96469936 }",40.6937606,-73.96469936,Brooklyn,FALSE,94
0,Petee's Pie,"61 Delancey Street, New York, NY 10002",0,0,No,No,0,0,0,https://lh5.googleusercontent.com/p/AF1QipND6J67Y58kMdRe6Ro8M5AeSH3c88_n9CIEEsqe=w122-h92-k-no,FALSE,Coffee shop,"[ ""Coffee shop"", ""Gourmet grocery store"", ""Kosher grocery store"", ""Tourist attraction"" ]","{ ""in_store_pickup"": true, ""delivery"": true }",Open ⋅ Closes 7:30 PM,"{ ""friday"": ""8 AM–7:30 PM"", ""saturday"": ""8 AM–7:30 PM"", ""sunday"": ""9 AM–6 PM"", ""monday"": ""8 AM–7:30 PM"", ""tuesday"": ""8 AM–7:30 PM"", ""wednesday"": ""8 AM–7:30 PM"", ""thursday"": ""8 AM–7:30 PM"" }",0,0,0,"{ ""latitude"": 40.7191095, ""longitude"": -73.9908638 }",40.7191095,-73.9908638,New York,FALSE,94
0,Pop Up Grocer,"205 Bleecker St, New York, NY 10012",0,0,No,No,0,0,0,https://lh5.googleusercontent.com/p/AF1QipND6J67Y58kMdRe6Ro8M5AeSH3c88_n9CIEEsqe=w122-h92-k-no,FALSE,Coffee shop,"[ ""Coffee shop"", ""Gourmet grocery store"", ""Kosher grocery store"", ""Tourist attraction"" ]","{ ""in_store_pickup"": true, ""delivery"": true }",Open ⋅ Closes 7:30 PM,"{ ""friday"": ""8 AM–7:30 PM"", ""saturday"": ""8 AM–7:30 PM"", ""sunday"": ""9 AM–6 PM"", ""monday"": ""8 AM–7:30 PM"", ""tuesday"": ""8 AM–7:30 PM"", ""wednesday"": ""8 AM–7:30 PM"", ""thursday"": ""8 AM–7:30 PM"" }",0,0,0,"{ ""latitude"": 40.7295989, ""longitude"": -74.0018339 }",40.7295989,-74.0018339,New York,FALSE,94
0,R&D Foods,"602 Vanderbilt Avenue, Brooklyn, NY 11238",0,0,No,No,0,0,0,https://lh5.googleusercontent.com/p/AF1QipND6J67Y58kMdRe6Ro8M5AeSH3c88_n9CIEEsqe=w122-h92-k-no,FALSE,Coffee shop,"[ ""Coffee shop"", ""Gourmet grocery store"", ""Kosher grocery store"", ""Tourist attraction"" ]","{ ""in_store_pickup"": true, ""delivery"": true }",Open ⋅ Closes 7:30 PM,"{ ""friday"": ""8 AM–7:30 PM"", ""saturday"": ""8 AM–7:30 PM"", ""sunday"": ""9 AM–6 PM"", ""monday"": ""8 AM–7:30 PM"", ""tuesday"": ""8 AM–7:30 PM"", ""wednesday"": ""8 AM–7:30 PM"", ""thursday"": ""8 AM–7:30 PM"" }",0,0,0,"{ ""latitude"": 40.6783691, ""longitude"": -73.96887901 }",40.6783691,-73.96887901,Brooklyn,FALSE,94
0,RadioStar,"13 Greenpoint Ave, Brooklyn, NY 11222",0,0,No,No,0,0,0,https://lh5.googleusercontent.com/p/AF1QipND6J67Y58kMdRe6Ro8M5AeSH3c88_n9CIEEsqe=w122-h92-k-no,FALSE,Coffee shop,"[ ""Coffee shop"", ""Gourmet grocery store"", ""Kosher grocery store"", ""Tourist attraction"" ]","{ ""in_store_pickup"": true, ""delivery"": true }",Open ⋅ Closes 7:30 PM,"{ ""friday"": ""8 AM–7:30 PM"", ""saturday"": ""8 AM–7:30 PM"", ""sunday"": ""9 AM–6 PM"", ""monday"": ""8 AM–7:30 PM"", ""tuesday"": ""8 AM–7:30 PM"", ""wednesday"": ""8 AM–7:30 PM"", ""thursday"": ""8 AM–7:30 PM"" }",0,0,0,"{ ""latitude"": 40.7298692, ""longitude"": -73.96024882 }",40.7298692,-73.96024882,Brooklyn,FALSE,94
0,Raf's,"290 Elizabeth St, New York, NY 10012",0,0,No,No,0,0,0,https://lh5.googleusercontent.com/p/AF1QipND6J67Y58kMdRe6Ro8M5AeSH3c88_n9CIEEsqe=w122-h92-k-no,FALSE,Coffee shop,"[ ""Coffee shop"", ""Gourmet grocery store"", ""Kosher grocery store"", ""Tourist attraction"" ]","{ ""in_store_pickup"": true, ""delivery"": true }",Open ⋅ Closes 7:30 PM,"{ ""friday"": ""8 AM–7:30 PM"", ""saturday"": ""8 AM–7:30 PM"", ""sunday"": ""9 AM–6 PM"", ""monday"": ""8 AM–7:30 PM"", ""tuesday"": ""8 AM–7:30 PM"", ""wednesday"": ""8 AM–7:30 PM"", ""thursday"": ""8 AM–7:30 PM"" }",0,0,0,"{ ""latitude"": 40.7246884, ""longitude"": -73.99313226 }",40.7246884,-73.99313226,New York,FALSE,94
0,Rigor Hill Market,"227 W Broadway, New York, NY 10013",0,0,No,No,0,0,0,https://lh5.googleusercontent.com/p/AF1QipND6J67Y58kMdRe6Ro8M5AeSH3c88_n9CIEEsqe=w122-h92-k-no,FALSE,Coffee shop,"[ ""Coffee shop"", ""Gourmet grocery store"", ""Kosher grocery store"", ""Tourist attraction"" ]","{ ""in_store_pickup"": true, ""delivery"": true }",Open ⋅ Closes 7:30 PM,"{ ""friday"": ""8 AM–7:30 PM"", ""saturday"": ""8 AM–7:30 PM"", ""sunday"": ""9 AM–6 PM"", ""monday"": ""8 AM–7:30 PM"", ""tuesday"": ""8 AM–7:30 PM"", ""wednesday"": ""8 AM–7:30 PM"", ""thursday"": ""8 AM–7:30 PM"" }",0,0,0,"{ ""latitude"": 40.719265, ""longitude"": -74.006063 }",40.719265,-74.006063,New York,FALSE,94
0,Rita & Maria,"558 Halsey St, Brooklyn, NY 11233",0,0,No,No,0,0,0,https://lh5.googleusercontent.com/p/AF1QipND6J67Y58kMdRe6Ro8M5AeSH3c88_n9CIEEsqe=w122-h92-k-no,FALSE,Coffee shop,"[ ""Coffee shop"", ""Gourmet grocery store"", ""Kosher grocery store"", ""Tourist attraction"" ]","{ ""in_store_pickup"": true, ""delivery"": true }",Open ⋅ Closes 7:30 PM,"{ ""friday"": ""8 AM–7:30 PM"", ""saturday"": ""8 AM–7:30 PM"", ""sunday"": ""9 AM–6 PM"", ""monday"": ""8 AM–7:30 PM"", ""tuesday"": ""8 AM–7:30 PM"", ""wednesday"": ""8 AM–7:30 PM"", ""thursday"": ""8 AM–7:30 PM"" }",0,0,0,"{ ""latitude"": 40.6836705, ""longitude"": -73.9326645 }",40.6836705,-73.9326645,Brooklyn,FALSE,94
0,Rule of Thirds,"171 Banker Street, Brooklyn, NY 11211",0,0,No,No,0,0,0,https://lh5.googleusercontent.com/p/AF1QipND6J67Y58kMdRe6Ro8M5AeSH3c88_n9CIEEsqe=w122-h92-k-no,FALSE,Coffee shop,"[ ""Coffee shop"", ""Gourmet grocery store"", ""Kosher grocery store"", ""Tourist attraction"" ]","{ ""in_store_pickup"": true, ""delivery"": true }",Open ⋅ Closes 7:30 PM,"{ ""friday"": ""8 AM–7:30 PM"", ""saturday"": ""8 AM–7:30 PM"", ""sunday"": ""9 AM–6 PM"", ""monday"": ""8 AM–7:30 PM"", ""tuesday"": ""8 AM–7:30 PM"", ""wednesday"": ""8 AM–7:30 PM"", ""thursday"": ""8 AM–7:30 PM"" }",0,0,0,"{ ""latitude"": 40.72459367, ""longitude"": -73.95517158 }",40.72459367,-73.95517158,Brooklyn,FALSE,94
0,Scram Bakery,"61 Erie Street, Jersey City, NJ 07302",0,0,No,No,0,0,0,https://lh5.googleusercontent.com/p/AF1QipND6J67Y58kMdRe6Ro8M5AeSH3c88_n9CIEEsqe=w122-h92-k-no,FALSE,Coffee shop,"[ ""Coffee shop"", ""Gourmet grocery store"", ""Kosher grocery store"", ""Tourist attraction"" ]","{ ""in_store_pickup"": true, ""delivery"": true }",Open ⋅ Closes 7:30 PM,"{ ""friday"": ""8 AM–7:30 PM"", ""saturday"": ""8 AM–7:30 PM"", ""sunday"": ""9 AM–6 PM"", ""monday"": ""8 AM–7:30 PM"", ""tuesday"": ""8 AM–7:30 PM"", ""wednesday"": ""8 AM–7:30 PM"", ""thursday"": ""8 AM–7:30 PM"" }",0,0,0,"{ ""latitude"": 40.7235825, ""longitude"": -74.0441085 }",40.7235825,-74.0441085,Jersey City,FALSE,94
0,Skate Time,"5164 US-209, Accord, NY 12404",0,0,No,No,0,0,0,https://lh5.googleusercontent.com/p/AF1QipND6J67Y58kMdRe6Ro8M5AeSH3c88_n9CIEEsqe=w122-h92-k-no,FALSE,Coffee shop,"[ ""Coffee shop"", ""Gourmet grocery store"", ""Kosher grocery store"", ""Tourist attraction"" ]","{ ""in_store_pickup"": true, ""delivery"": true }",Open ⋅ Closes 7:30 PM,"{ ""friday"": ""8 AM–7:30 PM"", ""saturday"": ""8 AM–7:30 PM"", ""sunday"": ""9 AM–6 PM"", ""monday"": ""8 AM–7:30 PM"", ""tuesday"": ""8 AM–7:30 PM"", ""wednesday"": ""8 AM–7:30 PM"", ""thursday"": ""8 AM–7:30 PM"" }",0,0,0,"{ ""latitude"": 41.7904035, ""longitude"": -74.24905745 }",41.7904035,-74.24905745,Accord,FALSE,94
0,Stoneacre,"28 Washington Square, Newport, RI 02840",0,0,No,No,0,0,0,https://lh5.googleusercontent.com/p/AF1QipND6J67Y58kMdRe6Ro8M5AeSH3c88_n9CIEEsqe=w122-h92-k-no,FALSE,Coffee shop,"[ ""Coffee shop"", ""Gourmet grocery store"", ""Kosher grocery store"", ""Tourist attraction"" ]","{ ""in_store_pickup"": true, ""delivery"": true }",Open ⋅ Closes 7:30 PM,"{ ""friday"": ""8 AM–7:30 PM"", ""saturday"": ""8 AM–7:30 PM"", ""sunday"": ""9 AM–6 PM"", ""monday"": ""8 AM–7:30 PM"", ""tuesday"": ""8 AM–7:30 PM"", ""wednesday"": ""8 AM–7:30 PM"", ""thursday"": ""8 AM–7:30 PM"" }",0,0,0,"{ ""latitude"": 41.4903581, ""longitude"": -71.3141286 }",41.4903581,-71.3141286,Newport,FALSE,94
0,Strange Delight,"63 Lafayette Ave, Brooklyn, NY 11217",0,0,No,No,0,0,0,https://lh5.googleusercontent.com/p/AF1QipND6J67Y58kMdRe6Ro8M5AeSH3c88_n9CIEEsqe=w122-h92-k-no,FALSE,Coffee shop,"[ ""Coffee shop"", ""Gourmet grocery store"", ""Kosher grocery store"", ""Tourist attraction"" ]","{ ""in_store_pickup"": true, ""delivery"": true }",Open ⋅ Closes 7:30 PM,"{ ""friday"": ""8 AM–7:30 PM"", ""saturday"": ""8 AM–7:30 PM"", ""sunday"": ""9 AM–6 PM"", ""monday"": ""8 AM–7:30 PM"", ""tuesday"": ""8 AM–7:30 PM"", ""wednesday"": ""8 AM–7:30 PM"", ""thursday"": ""8 AM–7:30 PM"" }",0,0,0,"{ ""latitude"": 40.68729485, ""longitude"": -73.97600347 }",40.68729485,-73.97600347,Brooklyn,FALSE,94
0,Sunday Motor Co.,"27 Kings Road, Madison, NJ 07940",0,0,No,No,0,0,0,https://lh5.googleusercontent.com/p/AF1QipND6J67Y58kMdRe6Ro8M5AeSH3c88_n9CIEEsqe=w122-h92-k-no,FALSE,Coffee shop,"[ ""Coffee shop"", ""Gourmet grocery store"", ""Kosher grocery store"", ""Tourist attraction"" ]","{ ""in_store_pickup"": true, ""delivery"": true }",Open ⋅ Closes 7:30 PM,"{ ""friday"": ""8 AM–7:30 PM"", ""saturday"": ""8 AM–7:30 PM"", ""sunday"": ""9 AM–6 PM"", ""monday"": ""8 AM–7:30 PM"", ""tuesday"": ""8 AM–7:30 PM"", ""wednesday"": ""8 AM–7:30 PM"", ""thursday"": ""8 AM–7:30 PM"" }",0,0,0,"{ ""latitude"": 40.75936675, ""longitude"": -74.41730475 }",40.75936675,-74.41730475,Madison,FALSE,94
0,Sunday in Brooklyn,"348 Wythe Avenue, Brooklyn, NY 11249",0,0,No,No,0,0,0,https://lh5.googleusercontent.com/p/AF1QipND6J67Y58kMdRe6Ro8M5AeSH3c88_n9CIEEsqe=w122-h92-k-no,FALSE,Coffee shop,"[ ""Coffee shop"", ""Gourmet grocery store"", ""Kosher grocery store"", ""Tourist attraction"" ]","{ ""in_store_pickup"": true, ""delivery"": true }",Open ⋅ Closes 7:30 PM,"{ ""friday"": ""8 AM–7:30 PM"", ""saturday"": ""8 AM–7:30 PM"", ""sunday"": ""9 AM–6 PM"", ""monday"": ""8 AM–7:30 PM"", ""tuesday"": ""8 AM–7:30 PM"", ""wednesday"": ""8 AM–7:30 PM"", ""thursday"": ""8 AM–7:30 PM"" }",0,0,0,"{ ""latitude"": 40.7142, ""longitude"": -73.965297 }",40.7142,-73.965297,Brooklyn,FALSE,94
0,Taku Sando,"29 Greenpoint Ave, Brooklyn, NY ",0,0,No,No,0,0,0,https://lh5.googleusercontent.com/p/AF1QipND6J67Y58kMdRe6Ro8M5AeSH3c88_n9CIEEsqe=w122-h92-k-no,FALSE,Coffee shop,"[ ""Coffee shop"", ""Gourmet grocery store"", ""Kosher grocery store"", ""Tourist attraction"" ]","{ ""in_store_pickup"": true, ""delivery"": true }",Open ⋅ Closes 7:30 PM,"{ ""friday"": ""8 AM–7:30 PM"", ""saturday"": ""8 AM–7:30 PM"", ""sunday"": ""9 AM–6 PM"", ""monday"": ""8 AM–7:30 PM"", ""tuesday"": ""8 AM–7:30 PM"", ""wednesday"": ""8 AM–7:30 PM"", ""thursday"": ""8 AM–7:30 PM"" }",0,0,0,"{ ""latitude"": 40.72985505, ""longitude"": -73.9596471 }",40.72985505,-73.9596471,Brooklyn,FALSE,94
0,Takumen,"5-50 50th Avenue, Long Island City, NY 11101",0,0,No,No,0,0,0,https://lh5.googleusercontent.com/p/AF1QipND6J67Y58kMdRe6Ro8M5AeSH3c88_n9CIEEsqe=w122-h92-k-no,FALSE,Coffee shop,"[ ""Coffee shop"", ""Gourmet grocery store"", ""Kosher grocery store"", ""Tourist attraction"" ]","{ ""in_store_pickup"": true, ""delivery"": true }",Open ⋅ Closes 7:30 PM,"{ ""friday"": ""8 AM–7:30 PM"", ""saturday"": ""8 AM–7:30 PM"", ""sunday"": ""9 AM–6 PM"", ""monday"": ""8 AM–7:30 PM"", ""tuesday"": ""8 AM–7:30 PM"", ""wednesday"": ""8 AM–7:30 PM"", ""thursday"": ""8 AM–7:30 PM"" }",0,0,0,"{ ""latitude"": 40.7426921, ""longitude"": -73.95468527 }",40.7426921,-73.95468527,Long Island City,FALSE,94
0,The Bakery at Greywind,"451 10th Avenue, New York, NY 10018",0,0,No,No,0,0,0,https://lh5.googleusercontent.com/p/AF1QipND6J67Y58kMdRe6Ro8M5AeSH3c88_n9CIEEsqe=w122-h92-k-no,FALSE,Coffee shop,"[ ""Coffee shop"", ""Gourmet grocery store"", ""Kosher grocery store"", ""Tourist attraction"" ]","{ ""in_store_pickup"": true, ""delivery"": true }",Open ⋅ Closes 7:30 PM,"{ ""friday"": ""8 AM–7:30 PM"", ""saturday"": ""8 AM–7:30 PM"", ""sunday"": ""9 AM–6 PM"", ""monday"": ""8 AM–7:30 PM"", ""tuesday"": ""8 AM–7:30 PM"", ""wednesday"": ""8 AM–7:30 PM"", ""thursday"": ""8 AM–7:30 PM"" }",0,0,0,"{ ""latitude"": 40.75560935, ""longitude"": -73.99887124 }",40.75560935,-73.99887124,New York,FALSE,94
0,The Brooklyn Museum,"200 Eastern Parkway, Brooklyn, NY 11238",0,0,No,No,0,0,0,https://lh5.googleusercontent.com/p/AF1QipND6J67Y58kMdRe6Ro8M5AeSH3c88_n9CIEEsqe=w122-h92-k-no,FALSE,Coffee shop,"[ ""Coffee shop"", ""Gourmet grocery store"", ""Kosher grocery store"", ""Tourist attraction"" ]","{ ""in_store_pickup"": true, ""delivery"": true }",Open ⋅ Closes 7:30 PM,"{ ""friday"": ""8 AM–7:30 PM"", ""saturday"": ""8 AM–7:30 PM"", ""sunday"": ""9 AM–6 PM"", ""monday"": ""8 AM–7:30 PM"", ""tuesday"": ""8 AM–7:30 PM"", ""wednesday"": ""8 AM–7:30 PM"", ""thursday"": ""8 AM–7:30 PM"" }",0,0,0,"{ ""latitude"": 40.6709108, ""longitude"": -73.96331716 }",40.6709108,-73.96331716,Brooklyn,FALSE,94
0,The Cloud One Hotel,"133 Greenwich St, New York, NY 10006",0,0,No,No,0,0,0,https://lh5.googleusercontent.com/p/AF1QipND6J67Y58kMdRe6Ro8M5AeSH3c88_n9CIEEsqe=w122-h92-k-no,FALSE,Coffee shop,"[ ""Coffee shop"", ""Gourmet grocery store"", ""Kosher grocery store"", ""Tourist attraction"" ]","{ ""in_store_pickup"": true, ""delivery"": true }",Open ⋅ Closes 7:30 PM,"{ ""friday"": ""8 AM–7:30 PM"", ""saturday"": ""8 AM–7:30 PM"", ""sunday"": ""9 AM–6 PM"", ""monday"": ""8 AM–7:30 PM"", ""tuesday"": ""8 AM–7:30 PM"", ""wednesday"": ""8 AM–7:30 PM"", ""thursday"": ""8 AM–7:30 PM"" }",0,0,0,"{ ""latitude"": 40.70935535, ""longitude"": -74.01270125 }",40.70935535,-74.01270125,New York,FALSE,94
0,The Elk,"228 Mott St, New York, NY 10012",0,0,No,No,0,0,0,https://lh5.googleusercontent.com/p/AF1QipND6J67Y58kMdRe6Ro8M5AeSH3c88_n9CIEEsqe=w122-h92-k-no,FALSE,Coffee shop,"[ ""Coffee shop"", ""Gourmet grocery store"", ""Kosher grocery store"", ""Tourist attraction"" ]","{ ""in_store_pickup"": true, ""delivery"": true }",Open ⋅ Closes 7:30 PM,"{ ""friday"": ""8 AM–7:30 PM"", ""saturday"": ""8 AM–7:30 PM"", ""sunday"": ""9 AM–6 PM"", ""monday"": ""8 AM–7:30 PM"", ""tuesday"": ""8 AM–7:30 PM"", ""wednesday"": ""8 AM–7:30 PM"", ""thursday"": ""8 AM–7:30 PM"" }",0,0,0,"{ ""latitude"": 40.72234745, ""longitude"": -73.9949674 }",40.72234745,-73.9949674,New York,FALSE,94
0,The Elk,"128 Charles Street, New York, NY 10014",0,0,No,No,0,0,0,https://lh5.googleusercontent.com/p/AF1QipND6J67Y58kMdRe6Ro8M5AeSH3c88_n9CIEEsqe=w122-h92-k-no,FALSE,Coffee shop,"[ ""Coffee shop"", ""Gourmet grocery store"", ""Kosher grocery store"", ""Tourist attraction"" ]","{ ""in_store_pickup"": true, ""delivery"": true }",Open ⋅ Closes 7:30 PM,"{ ""friday"": ""8 AM–7:30 PM"", ""saturday"": ""8 AM–7:30 PM"", ""sunday"": ""9 AM–6 PM"", ""monday"": ""8 AM–7:30 PM"", ""tuesday"": ""8 AM–7:30 PM"", ""wednesday"": ""8 AM–7:30 PM"", ""thursday"": ""8 AM–7:30 PM"" }",0,0,0,"{ ""latitude"": 40.7341801, ""longitude"": -74.0074243 }",40.7341801,-74.0074243,New York,FALSE,94
0,The Malin,"109 N. 12th St, 9th Floor, Brooklyn ",0,0,No,No,0,0,0,https://lh5.googleusercontent.com/p/AF1QipND6J67Y58kMdRe6Ro8M5AeSH3c88_n9CIEEsqe=w122-h92-k-no,FALSE,Coffee shop,"[ ""Coffee shop"", ""Gourmet grocery store"", ""Kosher grocery store"", ""Tourist attraction"" ]","{ ""in_store_pickup"": true, ""delivery"": true }",Open ⋅ Closes 7:30 PM,"{ ""friday"": ""8 AM–7:30 PM"", ""saturday"": ""8 AM–7:30 PM"", ""sunday"": ""9 AM–6 PM"", ""monday"": ""8 AM–7:30 PM"", ""tuesday"": ""8 AM–7:30 PM"", ""wednesday"": ""8 AM–7:30 PM"", ""thursday"": ""8 AM–7:30 PM"" }",0,0,0,"{ ""latitude"": 40.722231, ""longitude"": -73.956807 }",40.722231,-73.956807,9th Floor,FALSE,94
0,The Malin,"387 Park Ave S, New York, NY 10016",0,0,No,No,0,0,0,https://lh5.googleusercontent.com/p/AF1QipND6J67Y58kMdRe6Ro8M5AeSH3c88_n9CIEEsqe=w122-h92-k-no,FALSE,Coffee shop,"[ ""Coffee shop"", ""Gourmet grocery store"", ""Kosher grocery store"", ""Tourist attraction"" ]","{ ""in_store_pickup"": true, ""delivery"": true }",Open ⋅ Closes 7:30 PM,"{ ""friday"": ""8 AM–7:30 PM"", ""saturday"": ""8 AM–7:30 PM"", ""sunday"": ""9 AM–6 PM"", ""monday"": ""8 AM–7:30 PM"", ""tuesday"": ""8 AM–7:30 PM"", ""wednesday"": ""8 AM–7:30 PM"", ""thursday"": ""8 AM–7:30 PM"" }",0,0,0,"{ ""latitude"": 40.74271975, ""longitude"": -73.9839698 }",40.74271975,-73.9839698,New York,FALSE,94
0,The Malin,"32 Mercer St 3rd Fl, New York, NY 10013",0,0,No,No,0,0,0,https://lh5.googleusercontent.com/p/AF1QipND6J67Y58kMdRe6Ro8M5AeSH3c88_n9CIEEsqe=w122-h92-k-no,FALSE,Coffee shop,"[ ""Coffee shop"", ""Gourmet grocery store"", ""Kosher grocery store"", ""Tourist attraction"" ]","{ ""in_store_pickup"": true, ""delivery"": true }",Open ⋅ Closes 7:30 PM,"{ ""friday"": ""8 AM–7:30 PM"", ""saturday"": ""8 AM–7:30 PM"", ""sunday"": ""9 AM–6 PM"", ""monday"": ""8 AM–7:30 PM"", ""tuesday"": ""8 AM–7:30 PM"", ""wednesday"": ""8 AM–7:30 PM"", ""thursday"": ""8 AM–7:30 PM"" }",0,0,0,"{ ""latitude"": 40.721053, ""longitude"": -74.00151 }",40.721053,-74.00151,New York,FALSE,94
0,The Malin,"134 Charles St, New York, NY 10014",0,0,No,No,0,0,0,https://lh5.googleusercontent.com/p/AF1QipND6J67Y58kMdRe6Ro8M5AeSH3c88_n9CIEEsqe=w122-h92-k-no,FALSE,Coffee shop,"[ ""Coffee shop"", ""Gourmet grocery store"", ""Kosher grocery store"", ""Tourist attraction"" ]","{ ""in_store_pickup"": true, ""delivery"": true }",Open ⋅ Closes 7:30 PM,"{ ""friday"": ""8 AM–7:30 PM"", ""saturday"": ""8 AM–7:30 PM"", ""sunday"": ""9 AM–6 PM"", ""monday"": ""8 AM–7:30 PM"", ""tuesday"": ""8 AM–7:30 PM"", ""wednesday"": ""8 AM–7:30 PM"", ""thursday"": ""8 AM–7:30 PM"" }",0,0,0,"{ ""latitude"": 40.73401025, ""longitude"": -74.00779278 }",40.73401025,-74.00779278,New York,FALSE,94
0,The Uptown Garrison,"821 West 181st Street, New York, NY 10033",0,0,No,No,0,0,0,https://lh5.googleusercontent.com/p/AF1QipND6J67Y58kMdRe6Ro8M5AeSH3c88_n9CIEEsqe=w122-h92-k-no,FALSE,Coffee shop,"[ ""Coffee shop"", ""Gourmet grocery store"", ""Kosher grocery store"", ""Tourist attraction"" ]","{ ""in_store_pickup"": true, ""delivery"": true }",Open ⋅ Closes 7:30 PM,"{ ""friday"": ""8 AM–7:30 PM"", ""saturday"": ""8 AM–7:30 PM"", ""sunday"": ""9 AM–6 PM"", ""monday"": ""8 AM–7:30 PM"", ""tuesday"": ""8 AM–7:30 PM"", ""wednesday"": ""8 AM–7:30 PM"", ""thursday"": ""8 AM–7:30 PM"" }",0,0,0,"{ ""latitude"": 40.851213, ""longitude"": -73.939046 }",40.851213,-73.939046,New York,FALSE,94
0,The West End,"66 Hound Lane #231, Fishers Island, NY 06390",0,0,No,No,0,0,0,https://lh5.googleusercontent.com/p/AF1QipND6J67Y58kMdRe6Ro8M5AeSH3c88_n9CIEEsqe=w122-h92-k-no,FALSE,Coffee shop,"[ ""Coffee shop"", ""Gourmet grocery store"", ""Kosher grocery store"", ""Tourist attraction"" ]","{ ""in_store_pickup"": true, ""delivery"": true }",Open ⋅ Closes 7:30 PM,"{ ""friday"": ""8 AM–7:30 PM"", ""saturday"": ""8 AM–7:30 PM"", ""sunday"": ""9 AM–6 PM"", ""monday"": ""8 AM–7:30 PM"", ""tuesday"": ""8 AM–7:30 PM"", ""wednesday"": ""8 AM–7:30 PM"", ""thursday"": ""8 AM–7:30 PM"" }",0,0,0,"{ ""latitude"": 41.255488, ""longitude"": -72.033646 }",41.255488,-72.033646,Fishers Island,FALSE,94
0,The West End,"66 Hound Lane, Fishers Island, NY 06390",0,0,No,No,0,0,0,https://lh5.googleusercontent.com/p/AF1QipND6J67Y58kMdRe6Ro8M5AeSH3c88_n9CIEEsqe=w122-h92-k-no,FALSE,Coffee shop,"[ ""Coffee shop"", ""Gourmet grocery store"", ""Kosher grocery store"", ""Tourist attraction"" ]","{ ""in_store_pickup"": true, ""delivery"": true }",Open ⋅ Closes 7:30 PM,"{ ""friday"": ""8 AM–7:30 PM"", ""saturday"": ""8 AM–7:30 PM"", ""sunday"": ""9 AM–6 PM"", ""monday"": ""8 AM–7:30 PM"", ""tuesday"": ""8 AM–7:30 PM"", ""wednesday"": ""8 AM–7:30 PM"", ""thursday"": ""8 AM–7:30 PM"" }",0,0,0,"{ ""latitude"": 41.2561385, ""longitude"": -72.0324029 }",41.2561385,-72.0324029,Fishers Island,FALSE,94
0,The Wooly,"390 Broome Street, New York, New York",0,0,No,No,0,0,0,https://lh5.googleusercontent.com/p/AF1QipND6J67Y58kMdRe6Ro8M5AeSH3c88_n9CIEEsqe=w122-h92-k-no,FALSE,Coffee shop,"[ ""Coffee shop"", ""Gourmet grocery store"", ""Kosher grocery store"", ""Tourist attraction"" ]","{ ""in_store_pickup"": true, ""delivery"": true }",Open ⋅ Closes 7:30 PM,"{ ""friday"": ""8 AM–7:30 PM"", ""saturday"": ""8 AM–7:30 PM"", ""sunday"": ""9 AM–6 PM"", ""monday"": ""8 AM–7:30 PM"", ""tuesday"": ""8 AM–7:30 PM"", ""wednesday"": ""8 AM–7:30 PM"", ""thursday"": ""8 AM–7:30 PM"" }",0,0,0,"{ ""latitude"": 40.7206618, ""longitude"": -73.9969173 }",40.7206618,-73.9969173,New York,FALSE,94
0,Tivoli General,"54 Broadway, Tivoli, NY 12583",0,0,No,No,0,0,0,https://lh5.googleusercontent.com/p/AF1QipND6J67Y58kMdRe6Ro8M5AeSH3c88_n9CIEEsqe=w122-h92-k-no,FALSE,Coffee shop,"[ ""Coffee shop"", ""Gourmet grocery store"", ""Kosher grocery store"", ""Tourist attraction"" ]","{ ""in_store_pickup"": true, ""delivery"": true }",Open ⋅ Closes 7:30 PM,"{ ""friday"": ""8 AM–7:30 PM"", ""saturday"": ""8 AM–7:30 PM"", ""sunday"": ""9 AM–6 PM"", ""monday"": ""8 AM–7:30 PM"", ""tuesday"": ""8 AM–7:30 PM"", ""wednesday"": ""8 AM–7:30 PM"", ""thursday"": ""8 AM–7:30 PM"" }",0,0,0,"{ ""latitude"": 42.0585036, ""longitude"": -73.9091738 }",42.0585036,-73.9091738,Tivoli,FALSE,94
0,Tonchin,"109 N 3rd St, Brooklyn, NY 11249",0,0,No,No,0,0,0,https://lh5.googleusercontent.com/p/AF1QipND6J67Y58kMdRe6Ro8M5AeSH3c88_n9CIEEsqe=w122-h92-k-no,FALSE,Coffee shop,"[ ""Coffee shop"", ""Gourmet grocery store"", ""Kosher grocery store"", ""Tourist attraction"" ]","{ ""in_store_pickup"": true, ""delivery"": true }",Open ⋅ Closes 7:30 PM,"{ ""friday"": ""8 AM–7:30 PM"", ""saturday"": ""8 AM–7:30 PM"", ""sunday"": ""9 AM–6 PM"", ""monday"": ""8 AM–7:30 PM"", ""tuesday"": ""8 AM–7:30 PM"", ""wednesday"": ""8 AM–7:30 PM"", ""thursday"": ""8 AM–7:30 PM"" }",0,0,0,"{ ""latitude"": 40.71682745, ""longitude"": -73.96173237 }",40.71682745,-73.96173237,Brooklyn,FALSE,94
0,Ursula,"387A Nostrand Ave, Brooklyn, NY 11216",0,0,No,No,0,0,0,https://lh5.googleusercontent.com/p/AF1QipND6J67Y58kMdRe6Ro8M5AeSH3c88_n9CIEEsqe=w122-h92-k-no,FALSE,Coffee shop,"[ ""Coffee shop"", ""Gourmet grocery store"", ""Kosher grocery store"", ""Tourist attraction"" ]","{ ""in_store_pickup"": true, ""delivery"": true }",Open ⋅ Closes 7:30 PM,"{ ""friday"": ""8 AM–7:30 PM"", ""saturday"": ""8 AM–7:30 PM"", ""sunday"": ""9 AM–6 PM"", ""monday"": ""8 AM–7:30 PM"", ""tuesday"": ""8 AM–7:30 PM"", ""wednesday"": ""8 AM–7:30 PM"", ""thursday"": ""8 AM–7:30 PM"" }",0,0,0,"{ ""latitude"": 40.6844382, ""longitude"": -73.9501833 }",40.6844382,-73.9501833,Brooklyn,FALSE,94
0,Veronika,"281 Park Avenue South, New York, NY 10010",0,0,No,No,0,0,0,https://lh5.googleusercontent.com/p/AF1QipND6J67Y58kMdRe6Ro8M5AeSH3c88_n9CIEEsqe=w122-h92-k-no,FALSE,Coffee shop,"[ ""Coffee shop"", ""Gourmet grocery store"", ""Kosher grocery store"", ""Tourist attraction"" ]","{ ""in_store_pickup"": true, ""delivery"": true }",Open ⋅ Closes 7:30 PM,"{ ""friday"": ""8 AM–7:30 PM"", ""saturday"": ""8 AM–7:30 PM"", ""sunday"": ""9 AM–6 PM"", ""monday"": ""8 AM–7:30 PM"", ""tuesday"": ""8 AM–7:30 PM"", ""wednesday"": ""8 AM–7:30 PM"", ""thursday"": ""8 AM–7:30 PM"" }",0,0,0,"{ ""latitude"": 40.7392696, ""longitude"": -73.986775 }",40.7392696,-73.986775,New York,FALSE,94
0,Woodstock Meats,"57 Mill Hill Rd, Woodstock, NY 12498",0,0,No,No,0,0,0,https://lh5.googleusercontent.com/p/AF1QipND6J67Y58kMdRe6Ro8M5AeSH3c88_n9CIEEsqe=w122-h92-k-no,FALSE,Coffee shop,"[ ""Coffee shop"", ""Gourmet grocery store"", ""Kosher grocery store"", ""Tourist attraction"" ]","{ ""in_store_pickup"": true, ""delivery"": true }",Open ⋅ Closes 7:30 PM,"{ ""friday"": ""8 AM–7:30 PM"", ""saturday"": ""8 AM–7:30 PM"", ""sunday"": ""9 AM–6 PM"", ""monday"": ""8 AM–7:30 PM"", ""tuesday"": ""8 AM–7:30 PM"", ""wednesday"": ""8 AM–7:30 PM"", ""thursday"": ""8 AM–7:30 PM"" }",0,0,0,"{ ""latitude"": 42.0396809, ""longitude"": -74.11496507 }",42.0396809,-74.11496507,Woodstock,FALSE,94
0,Yellow Rose,"102 3rd Avenue, New York, NY 10003",0,0,No,No,0,0,0,https://lh5.googleusercontent.com/p/AF1QipND6J67Y58kMdRe6Ro8M5AeSH3c88_n9CIEEsqe=w122-h92-k-no,FALSE,Coffee shop,"[ ""Coffee shop"", ""Gourmet grocery store"", ""Kosher grocery store"", ""Tourist attraction"" ]","{ ""in_store_pickup"": true, ""delivery"": true }",Open ⋅ Closes 7:30 PM,"{ ""friday"": ""8 AM–7:30 PM"", ""saturday"": ""8 AM–7:30 PM"", ""sunday"": ""9 AM–6 PM"", ""monday"": ""8 AM–7:30 PM"", ""tuesday"": ""8 AM–7:30 PM"", ""wednesday"": ""8 AM–7:30 PM"", ""thursday"": ""8 AM–7:30 PM"" }",0,0,0,"{ ""latitude"": 40.7325411, ""longitude"": -73.98806706 }",40.7325411,-73.98806706,New York,FALSE,94
